state_abbr,year,month,total_crimes
AL,2006,1,375
AL,2006,2,327
AL,2006,3,389
AL,2006,4,375
AL,2006,5,433
AL,2006,6,389
AL,2006,7,452
AL,2006,8,398
AL,2006,9,386
AL,2006,10,393
AL,2006,11,412
AL,2006,12,310
AL,2007,1,370
AL,2007,2,339
AL,2007,3,433
AL,2007,4,358
AL,2007,5,437
AL,2007,6,383
AL,2007,7,450
AL,2007,8,407
AL,2007,9,333
AL,2007,10,406
AL,2007,11,422
AL,2007,12,424
AL,2008,1,391
AL,2008,2,296
AL,2008,3,343
AL,2008,4,397
AL,2008,5,451
AL,2008,6,389
AL,2008,7,402
AL,2008,8,381
AL,2008,9,387
AL,2008,10,384
AL,2008,11,423
AL,2008,12,385
AL,2009,1,353
AL,2009,2,309
AL,2009,3,372
AL,2009,4,330
AL,2009,5,400
AL,2009,6,396
AL,2009,7,440
AL,2009,8,388
AL,2009,9,318
AL,2009,10,385
AL,2009,11,333
AL,2009,12,346
AL,2010,1,316
AL,2010,2,269
AL,2010,3,362
AL,2010,4,328
AL,2010,5,443
AL,2010,6,360
AL,2010,7,393
AL,2010,8,336
AL,2010,9,326
AL,2010,10,327
AL,2010,11,336
AL,2010,12,356
AL,2011,1,302
AL,2011,2,303
AL,2011,3,329
AL,2011,4,378
AL,2011,5,355
AL,2011,6,386
AL,2011,7,388
AL,2011,8,319
AL,2011,9,329
AL,2011,10,320
AL,2011,11,347
AL,2011,12,367
AL,2012,1,291
AL,2012,2,337
AL,2012,3,299
AL,2012,4,339
AL,2012,5,340
AL,2012,6,305
AL,2012,7,395
AL,2012,8,383
AL,2012,9,290
AL,2012,10,346
AL,2012,11,346
AL,2012,12,364
AL,2013,1,339
AL,2013,2,351
AL,2013,3,334
AL,2013,4,327
AL,2013,5,385
AL,2013,6,434
AL,2013,7,391
AL,2013,8,343
AL,2013,9,388
AL,2013,10,425
AL,2013,11,337
AL,2013,12,375
AL,2014,1,342
AL,2014,2,301
AL,2014,3,380
AL,2014,4,339
AL,2014,5,408
AL,2014,6,356
AL,2014,7,351
AL,2014,8,233
AL,2014,9,253
AL,2014,10,285
AL,2014,11,288
AL,2014,12,335
AL,2015,1,363
AL,2015,2,263
AL,2015,3,358
AL,2015,4,368
AL,2015,5,357
AL,2015,6,411
AL,2015,7,381
AL,2015,8,335
AL,2015,9,367
AL,2015,10,400
AL,2015,11,372
AL,2015,12,417
AL,2016,1,324
AL,2016,2,223
AL,2016,3,260
AL,2016,4,245
AL,2016,5,264
AL,2016,6,208
AL,2016,7,277
AL,2016,8,270
AL,2016,9,254
AL,2016,10,229
AL,2016,11,243
AL,2016,12,260
AR,2006,1,10630
AR,2006,2,8731
AR,2006,3,11029
AR,2006,4,11372
AR,2006,5,12191
AR,2006,6,11795
AR,2006,7,12383
AR,2006,8,11883
AR,2006,9,11267
AR,2006,10,11343
AR,2006,11,10478
AR,2006,12,10866
AR,2007,1,11270
AR,2007,2,10294
AR,2007,3,12445
AR,2007,4,12209
AR,2007,5,13511
AR,2007,6,13299
AR,2007,7,13670
AR,2007,8,13231
AR,2007,9,12036
AR,2007,10,12213
AR,2007,11,11154
AR,2007,12,11109
AR,2008,1,12790
AR,2008,2,11672
AR,2008,3,13116
AR,2008,4,13845
AR,2008,5,14605
AR,2008,6,14497
AR,2008,7,15467
AR,2008,8,15361
AR,2008,9,14958
AR,2008,10,14630
AR,2008,11,12595
AR,2008,12,13096
AR,2009,1,16196
AR,2009,2,14453
AR,2009,3,17578
AR,2009,4,18268
AR,2009,5,18803
AR,2009,6,18735
AR,2009,7,19489
AR,2009,8,19118
AR,2009,9,17654
AR,2009,10,17703
AR,2009,11,16933
AR,2009,12,16188
AR,2010,1,15002
AR,2010,2,13611
AR,2010,3,17036
AR,2010,4,18159
AR,2010,5,18752
AR,2010,6,17988
AR,2010,7,19074
AR,2010,8,18631
AR,2010,9,17209
AR,2010,10,17651
AR,2010,11,16517
AR,2010,12,16318
AR,2011,1,15692
AR,2011,2,12945
AR,2011,3,17162
AR,2011,4,18261
AR,2011,5,19256
AR,2011,6,19255
AR,2011,7,19611
AR,2011,8,19209
AR,2011,9,18258
AR,2011,10,18263
AR,2011,11,17058
AR,2011,12,17039
AR,2012,1,16756
AR,2012,2,14674
AR,2012,3,17719
AR,2012,4,18259
AR,2012,5,19143
AR,2012,6,18137
AR,2012,7,18774
AR,2012,8,18425
AR,2012,9,17268
AR,2012,10,17898
AR,2012,11,16766
AR,2012,12,15972
AR,2013,1,16324
AR,2013,2,13900
AR,2013,3,16156
AR,2013,4,17039
AR,2013,5,17786
AR,2013,6,17137
AR,2013,7,18252
AR,2013,8,17957
AR,2013,9,16370
AR,2013,10,16792
AR,2013,11,14406
AR,2013,12,13962
AR,2014,1,14262
AR,2014,2,12053
AR,2014,3,14189
AR,2014,4,15392
AR,2014,5,16404
AR,2014,6,16003
AR,2014,7,16572
AR,2014,8,16411
AR,2014,9,15987
AR,2014,10,15367
AR,2014,11,13618
AR,2014,12,14551
AR,2015,1,15610
AR,2015,2,12005
AR,2015,3,14869
AR,2015,4,15397
AR,2015,5,16917
AR,2015,6,16441
AR,2015,7,17526
AR,2015,8,17036
AR,2015,9,16633
AR,2015,10,16154
AR,2015,11,14867
AR,2015,12,15636
AR,2016,1,16093
AR,2016,2,14642
AR,2016,3,16563
AR,2016,4,16732
AR,2016,5,17403
AR,2016,6,17325
AR,2016,7,17715
AR,2016,8,17855
AR,2016,9,17046
AR,2016,10,16959
AR,2016,11,15735
AR,2016,12,16156
AZ,2006,1,380
AZ,2006,2,361
AZ,2006,3,372
AZ,2006,4,333
AZ,2006,5,315
AZ,2006,6,613
AZ,2006,7,622
AZ,2006,8,574
AZ,2006,9,538
AZ,2006,10,530
AZ,2006,11,500
AZ,2006,12,599
AZ,2007,1,584
AZ,2007,2,444
AZ,2007,3,599
AZ,2007,4,605
AZ,2007,5,595
AZ,2007,6,605
AZ,2007,7,580
AZ,2007,8,572
AZ,2007,9,543
AZ,2007,10,497
AZ,2007,11,498
AZ,2007,12,469
AZ,2008,1,508
AZ,2008,2,485
AZ,2008,3,448
AZ,2008,4,401
AZ,2008,5,427
AZ,2008,6,347
AZ,2008,7,423
AZ,2008,8,378
AZ,2008,9,399
AZ,2008,10,458
AZ,2008,11,1188
AZ,2008,12,1509
AZ,2009,1,1414
AZ,2009,2,1232
AZ,2009,3,1241
AZ,2009,4,1255
AZ,2009,5,1263
AZ,2009,6,1115
AZ,2009,7,1183
AZ,2009,8,1012
AZ,2009,9,1109
AZ,2009,10,1239
AZ,2009,11,1090
AZ,2009,12,1088
AZ,2010,1,1323
AZ,2010,2,1130
AZ,2010,3,1296
AZ,2010,4,1291
AZ,2010,5,1119
AZ,2010,6,1067
AZ,2010,7,1094
AZ,2010,8,1136
AZ,2010,9,1060
AZ,2010,10,1109
AZ,2010,11,1082
AZ,2010,12,1129
AZ,2011,1,1173
AZ,2011,2,1005
AZ,2011,3,1153
AZ,2011,4,1016
AZ,2011,5,1171
AZ,2011,6,1057
AZ,2011,7,1110
AZ,2011,8,937
AZ,2011,9,1016
AZ,2011,10,1084
AZ,2011,11,1067
AZ,2011,12,1016
AZ,2012,1,1079
AZ,2012,2,1021
AZ,2012,3,1097
AZ,2012,4,1055
AZ,2012,5,1126
AZ,2012,6,956
AZ,2012,7,1025
AZ,2012,8,1122
AZ,2012,9,993
AZ,2012,10,1096
AZ,2012,11,1002
AZ,2012,12,1051
AZ,2013,1,1713
AZ,2013,2,1684
AZ,2013,3,1779
AZ,2013,4,1745
AZ,2013,5,1711
AZ,2013,6,1608
AZ,2013,7,1694
AZ,2013,8,1711
AZ,2013,9,1607
AZ,2013,10,1599
AZ,2013,11,1317
AZ,2013,12,1731
AZ,2014,1,1785
AZ,2014,2,1522
AZ,2014,3,1745
AZ,2014,4,1673
AZ,2014,5,1715
AZ,2014,6,1614
AZ,2014,7,1590
AZ,2014,8,1680
AZ,2014,9,1356
AZ,2014,10,1686
AZ,2014,11,1484
AZ,2014,12,1617
AZ,2015,1,1665
AZ,2015,2,1446
AZ,2015,3,1573
AZ,2015,4,1608
AZ,2015,5,1664
AZ,2015,6,1602
AZ,2015,7,1612
AZ,2015,8,1478
AZ,2015,9,1499
AZ,2015,10,1375
AZ,2015,11,1271
AZ,2015,12,1381
AZ,2016,1,1723
AZ,2016,2,1553
AZ,2016,3,1535
AZ,2016,4,1499
AZ,2016,5,1504
AZ,2016,6,1487
AZ,2016,7,1385
AZ,2016,8,1484
AZ,2016,9,969
AZ,2016,10,1095
AZ,2016,11,1058
AZ,2016,12,1555
CO,2006,1,22473
CO,2006,2,18003
CO,2006,3,20635
CO,2006,4,20251
CO,2006,5,21172
CO,2006,6,20478
CO,2006,7,21219
CO,2006,8,21689
CO,2006,9,19871
CO,2006,10,20299
CO,2006,11,18911
CO,2006,12,16825
CO,2007,1,17303
CO,2007,2,16965
CO,2007,3,20052
CO,2007,4,19353
CO,2007,5,19868
CO,2007,6,19033
CO,2007,7,20045
CO,2007,8,19267
CO,2007,9,18232
CO,2007,10,18967
CO,2007,11,17104
CO,2007,12,15237
CO,2008,1,17618
CO,2008,2,16491
CO,2008,3,18417
CO,2008,4,18424
CO,2008,5,19313
CO,2008,6,18759
CO,2008,7,19911
CO,2008,8,19680
CO,2008,9,19126
CO,2008,10,20146
CO,2008,11,18430
CO,2008,12,16956
CO,2009,1,18909
CO,2009,2,17271
CO,2009,3,18174
CO,2009,4,18367
CO,2009,5,20089
CO,2009,6,19637
CO,2009,7,19681
CO,2009,8,19828
CO,2009,9,17908
CO,2009,10,17387
CO,2009,11,17114
CO,2009,12,16229
CO,2010,1,18511
CO,2010,2,15535
CO,2010,3,18054
CO,2010,4,18347
CO,2010,5,19321
CO,2010,6,19150
CO,2010,7,20427
CO,2010,8,19927
CO,2010,9,19090
CO,2010,10,19153
CO,2010,11,17013
CO,2010,12,17261
CO,2011,1,18267
CO,2011,2,15493
CO,2011,3,19198
CO,2011,4,19104
CO,2011,5,19595
CO,2011,6,19698
CO,2011,7,20132
CO,2011,8,20734
CO,2011,9,19454
CO,2011,10,19483
CO,2011,11,18580
CO,2011,12,16987
CO,2012,1,21833
CO,2012,2,18315
CO,2012,3,21737
CO,2012,4,21914
CO,2012,5,22038
CO,2012,6,21323
CO,2012,7,22941
CO,2012,8,23824
CO,2012,9,22311
CO,2012,10,22209
CO,2012,11,20399
CO,2012,12,19642
CO,2013,1,21102
CO,2013,2,18230
CO,2013,3,20097
CO,2013,4,20040
CO,2013,5,22400
CO,2013,6,22160
CO,2013,7,23671
CO,2013,8,22822
CO,2013,9,21594
CO,2013,10,21798
CO,2013,11,19993
CO,2013,12,19023
CO,2014,1,20809
CO,2014,2,17981
CO,2014,3,21000
CO,2014,4,21022
CO,2014,5,21687
CO,2014,6,21941
CO,2014,7,23282
CO,2014,8,22802
CO,2014,9,22229
CO,2014,10,22259
CO,2014,11,19059
CO,2014,12,19257
CO,2015,1,21754
CO,2015,2,18638
CO,2015,3,22308
CO,2015,4,22423
CO,2015,5,22609
CO,2015,6,22573
CO,2015,7,23657
CO,2015,8,24529
CO,2015,9,23329
CO,2015,10,23785
CO,2015,11,20827
CO,2015,12,21110
CO,2016,1,23292
CO,2016,2,21311
CO,2016,3,23255
CO,2016,4,23050
CO,2016,5,24256
CO,2016,6,24148
CO,2016,7,24097
CO,2016,8,21658
CO,2016,9,24663
CO,2016,10,25023
CO,2016,11,22096
CO,2016,12,21592
CT,2006,1,6028
CT,2006,2,5334
CT,2006,3,6202
CT,2006,4,5758
CT,2006,5,6460
CT,2006,6,6150
CT,2006,7,6387
CT,2006,8,6493
CT,2006,9,6033
CT,2006,10,6507
CT,2006,11,6097
CT,2006,12,6127
CT,2007,1,7756
CT,2007,2,6051
CT,2007,3,7373
CT,2007,4,7729
CT,2007,5,8568
CT,2007,6,8390
CT,2007,7,8842
CT,2007,8,7491
CT,2007,9,6739
CT,2007,10,7070
CT,2007,11,6456
CT,2007,12,5500
CT,2008,1,8268
CT,2008,2,7416
CT,2008,3,8725
CT,2008,4,8848
CT,2008,5,9233
CT,2008,6,9436
CT,2008,7,9990
CT,2008,8,10010
CT,2008,9,9128
CT,2008,10,9256
CT,2008,11,8729
CT,2008,12,7806
CT,2009,1,7398
CT,2009,2,7022
CT,2009,3,8277
CT,2009,4,8125
CT,2009,5,8876
CT,2009,6,8737
CT,2009,7,9644
CT,2009,8,9497
CT,2009,9,8809
CT,2009,10,9405
CT,2009,11,8155
CT,2009,12,7683
CT,2010,1,7906
CT,2010,2,6681
CT,2010,3,8245
CT,2010,4,8640
CT,2010,5,8977
CT,2010,6,9075
CT,2010,7,9098
CT,2010,8,9258
CT,2010,9,8490
CT,2010,10,8453
CT,2010,11,8104
CT,2010,12,7372
CT,2011,1,6383
CT,2011,2,6026
CT,2011,3,8111
CT,2011,4,8399
CT,2011,5,8677
CT,2011,6,8750
CT,2011,7,9257
CT,2011,8,9132
CT,2011,9,8454
CT,2011,10,8526
CT,2011,11,8110
CT,2011,12,8122
CT,2012,1,7707
CT,2012,2,7004
CT,2012,3,8141
CT,2012,4,7836
CT,2012,5,8447
CT,2012,6,8092
CT,2012,7,8678
CT,2012,8,8927
CT,2012,9,8475
CT,2012,10,8323
CT,2012,11,7320
CT,2012,12,7407
CT,2013,1,7386
CT,2013,2,5859
CT,2013,3,7676
CT,2013,4,7416
CT,2013,5,8058
CT,2013,6,7784
CT,2013,7,8407
CT,2013,8,8444
CT,2013,9,7908
CT,2013,10,8092
CT,2013,11,7338
CT,2013,12,6693
CT,2014,1,6565
CT,2014,2,5327
CT,2014,3,7012
CT,2014,4,7539
CT,2014,5,8265
CT,2014,6,8194
CT,2014,7,8718
CT,2014,8,8232
CT,2014,9,7677
CT,2014,10,7904
CT,2014,11,7041
CT,2014,12,6971
CT,2015,1,6319
CT,2015,2,5331
CT,2015,3,7132
CT,2015,4,7917
CT,2015,5,7759
CT,2015,6,7538
CT,2015,7,8499
CT,2015,8,8407
CT,2015,9,8020
CT,2015,10,7844
CT,2015,11,7163
CT,2015,12,7369
CT,2016,1,7046
CT,2016,2,6293
CT,2016,3,7885
CT,2016,4,7835
CT,2016,5,8355
CT,2016,6,8698
CT,2016,7,8741
CT,2016,8,9119
CT,2016,9,8800
CT,2016,10,8703
CT,2016,11,8271
CT,2016,12,7814
DC,2006,1,162
DC,2006,2,165
DC,2006,3,230
DC,2006,4,198
DC,2006,5,200
DC,2006,6,275
DC,2006,7,263
DC,2006,8,236
DC,2006,9,205
DC,2006,10,265
DC,2006,11,207
DC,2006,12,202
DC,2007,1,211
DC,2007,2,163
DC,2007,3,194
DC,2007,4,220
DC,2007,5,243
DC,2007,6,279
DC,2007,7,246
DC,2007,8,221
DC,2007,9,266
DC,2007,10,243
DC,2007,11,265
DC,2007,12,272
DC,2008,1,258
DC,2008,2,190
DC,2008,3,219
DC,2008,4,264
DC,2008,5,254
DC,2008,6,257
DC,2008,7,285
DC,2008,8,304
DC,2008,9,309
DC,2008,10,301
DC,2008,11,247
DC,2008,12,214
DC,2009,1,210
DC,2009,2,200
DC,2009,3,245
DC,2009,4,323
DC,2009,5,280
DC,2009,6,292
DC,2009,7,294
DC,2009,8,279
DC,2009,9,319
DC,2009,10,324
DC,2009,11,369
DC,2009,12,246
DC,2010,1,292
DC,2010,2,195
DC,2010,3,318
DC,2010,4,326
DC,2010,5,369
DC,2010,6,368
DC,2010,7,401
DC,2010,8,366
DC,2010,9,348
DC,2010,10,294
DC,2010,11,292
DC,2010,12,234
DC,2011,1,260
DC,2011,2,232
DC,2011,3,254
DC,2011,4,260
DC,2011,5,255
DC,2011,6,287
DC,2011,7,322
DC,2011,8,251
DC,2011,9,247
DC,2011,10,232
DC,2011,11,260
DC,2011,12,252
DC,2012,1,253
DC,2012,2,241
DC,2012,3,256
DC,2012,4,243
DC,2012,5,261
DC,2012,6,286
DC,2012,7,272
DC,2012,8,258
DC,2012,9,312
DC,2012,10,223
DC,2012,11,269
DC,2012,12,187
DC,2013,1,242
DC,2013,2,219
DC,2013,3,224
DC,2013,4,245
DC,2013,5,339
DC,2013,6,299
DC,2013,7,338
DC,2013,8,331
DC,2013,9,361
DC,2013,10,351
DC,2013,11,327
DC,2013,12,237
DC,2014,1,244
DC,2014,2,219
DC,2014,3,234
DC,2014,4,282
DC,2014,5,335
DC,2014,6,300
DC,2014,7,275
DC,2014,8,288
DC,2014,9,285
DC,2014,10,271
DC,2014,11,219
DC,2014,12,217
DC,2015,1,220
DC,2015,2,174
DC,2015,3,256
DC,2015,4,269
DC,2015,5,322
DC,2015,6,273
DC,2015,7,289
DC,2015,8,276
DC,2015,9,303
DC,2015,10,313
DC,2015,11,249
DC,2015,12,226
DC,2016,1,247
DC,2016,2,233
DC,2016,3,291
DC,2016,4,272
DC,2016,5,354
DC,2016,6,413
DC,2016,7,309
DC,2016,8,293
DC,2016,9,288
DC,2016,10,296
DC,2016,11,267
DC,2016,12,252
DE,2006,1,5974
DE,2006,2,5156
DE,2006,3,6273
DE,2006,4,6039
DE,2006,5,6706
DE,2006,6,6370
DE,2006,7,6823
DE,2006,8,7118
DE,2006,9,6350
DE,2006,10,6547
DE,2006,11,6223
DE,2006,12,5901
DE,2007,1,5985
DE,2007,2,4735
DE,2007,3,5919
DE,2007,4,5906
DE,2007,5,6709
DE,2007,6,6620
DE,2007,7,6836
DE,2007,8,6658
DE,2007,9,6332
DE,2007,10,6572
DE,2007,11,6255
DE,2007,12,5893
DE,2008,1,6195
DE,2008,2,5378
DE,2008,3,6201
DE,2008,4,6367
DE,2008,5,6290
DE,2008,6,6672
DE,2008,7,6887
DE,2008,8,7159
DE,2008,9,6636
DE,2008,10,6706
DE,2008,11,5765
DE,2008,12,5515
DE,2009,1,5560
DE,2009,2,5127
DE,2009,3,5910
DE,2009,4,6036
DE,2009,5,6377
DE,2009,6,6445
DE,2009,7,6530
DE,2009,8,6587
DE,2009,9,5920
DE,2009,10,6059
DE,2009,11,5552
DE,2009,12,5265
DE,2010,1,5289
DE,2010,2,3661
DE,2010,3,5730
DE,2010,4,5704
DE,2010,5,6157
DE,2010,6,6457
DE,2010,7,6677
DE,2010,8,7007
DE,2010,9,6214
DE,2010,10,6454
DE,2010,11,5907
DE,2010,12,5205
DE,2011,1,5176
DE,2011,2,4706
DE,2011,3,5751
DE,2011,4,5888
DE,2011,5,6198
DE,2011,6,6235
DE,2011,7,6672
DE,2011,8,6242
DE,2011,9,5858
DE,2011,10,6275
DE,2011,11,5860
DE,2011,12,5464
DE,2012,1,5500
DE,2012,2,4953
DE,2012,3,5677
DE,2012,4,5696
DE,2012,5,6352
DE,2012,6,5907
DE,2012,7,6222
DE,2012,8,6411
DE,2012,9,5909
DE,2012,10,5627
DE,2012,11,5253
DE,2012,12,5161
DE,2013,1,5543
DE,2013,2,4521
DE,2013,3,5171
DE,2013,4,5371
DE,2013,5,5560
DE,2013,6,5519
DE,2013,7,5792
DE,2013,8,6194
DE,2013,9,5529
DE,2013,10,5640
DE,2013,11,4978
DE,2013,12,4852
DE,2014,1,4692
DE,2014,2,4020
DE,2014,3,4741
DE,2014,4,5184
DE,2014,5,5837
DE,2014,6,5710
DE,2014,7,6054
DE,2014,8,5922
DE,2014,9,5391
DE,2014,10,5628
DE,2014,11,5241
DE,2014,12,4891
DE,2015,1,4709
DE,2015,2,3854
DE,2015,3,4457
DE,2015,4,4893
DE,2015,5,5390
DE,2015,6,5517
DE,2015,7,5748
DE,2015,8,5743
DE,2015,9,5294
DE,2015,10,5319
DE,2015,11,5027
DE,2015,12,5143
DE,2016,1,4734
DE,2016,2,4636
DE,2016,3,5181
DE,2016,4,5257
DE,2016,5,5567
DE,2016,6,5631
DE,2016,7,5417
DE,2016,8,5578
DE,2016,9,5230
DE,2016,10,5608
DE,2016,11,5082
DE,2016,12,4884
IA,2006,1,13759
IA,2006,2,10895
IA,2006,3,13316
IA,2006,4,13928
IA,2006,5,14551
IA,2006,6,14820
IA,2006,7,15159
IA,2006,8,15631
IA,2006,9,14266
IA,2006,10,14253
IA,2006,11,13496
IA,2006,12,13286
IA,2007,1,12005
IA,2007,2,9885
IA,2007,3,12975
IA,2007,4,13381
IA,2007,5,14588
IA,2007,6,14499
IA,2007,7,15260
IA,2007,8,14563
IA,2007,9,13864
IA,2007,10,13964
IA,2007,11,12535
IA,2007,12,10300
IA,2008,1,10712
IA,2008,2,9286
IA,2008,3,12030
IA,2008,4,13276
IA,2008,5,13782
IA,2008,6,13215
IA,2008,7,14308
IA,2008,8,14185
IA,2008,9,13817
IA,2008,10,14065
IA,2008,11,11971
IA,2008,12,9456
IA,2009,1,10201
IA,2009,2,10153
IA,2009,3,12021
IA,2009,4,12305
IA,2009,5,12806
IA,2009,6,12713
IA,2009,7,13556
IA,2009,8,13694
IA,2009,9,12930
IA,2009,10,12446
IA,2009,11,12047
IA,2009,12,9524
IA,2010,1,9191
IA,2010,2,8360
IA,2010,3,11641
IA,2010,4,12805
IA,2010,5,12829
IA,2010,6,12496
IA,2010,7,13556
IA,2010,8,13402
IA,2010,9,12341
IA,2010,10,12723
IA,2010,11,11282
IA,2010,12,9540
IA,2011,1,9928
IA,2011,2,8640
IA,2011,3,11467
IA,2011,4,12179
IA,2011,5,13014
IA,2011,6,12626
IA,2011,7,13613
IA,2011,8,13542
IA,2011,9,12336
IA,2011,10,12578
IA,2011,11,11555
IA,2011,12,10934
IA,2012,1,10599
IA,2012,2,9463
IA,2012,3,11737
IA,2012,4,11706
IA,2012,5,12346
IA,2012,6,12273
IA,2012,7,12575
IA,2012,8,12044
IA,2012,9,11367
IA,2012,10,11692
IA,2012,11,10960
IA,2012,12,9712
IA,2013,1,10348
IA,2013,2,8796
IA,2013,3,10224
IA,2013,4,11283
IA,2013,5,11819
IA,2013,6,11919
IA,2013,7,12672
IA,2013,8,12040
IA,2013,9,11806
IA,2013,10,11355
IA,2013,11,10436
IA,2013,12,9182
IA,2014,1,9074
IA,2014,2,7818
IA,2014,3,9781
IA,2014,4,10745
IA,2014,5,11374
IA,2014,6,10809
IA,2014,7,12072
IA,2014,8,11850
IA,2014,9,11593
IA,2014,10,11778
IA,2014,11,10007
IA,2014,12,10145
IA,2015,1,9990
IA,2015,2,8286
IA,2015,3,10311
IA,2015,4,11482
IA,2015,5,11725
IA,2015,6,11416
IA,2015,7,11989
IA,2015,8,12127
IA,2015,9,11906
IA,2015,10,12147
IA,2015,11,10537
IA,2015,12,10699
IA,2016,1,10118
IA,2016,2,9634
IA,2016,3,10854
IA,2016,4,11061
IA,2016,5,11726
IA,2016,6,11863
IA,2016,7,12138
IA,2016,8,12580
IA,2016,9,12396
IA,2016,10,12687
IA,2016,11,11216
IA,2016,12,9973
ID,2006,1,6443
ID,2006,2,5640
ID,2006,3,6448
ID,2006,4,6406
ID,2006,5,6649
ID,2006,6,6747
ID,2006,7,7276
ID,2006,8,7364
ID,2006,9,6614
ID,2006,10,6823
ID,2006,11,6440
ID,2006,12,6423
ID,2007,1,6089
ID,2007,2,5596
ID,2007,3,6715
ID,2007,4,6609
ID,2007,5,7048
ID,2007,6,6846
ID,2007,7,7404
ID,2007,8,6865
ID,2007,9,6575
ID,2007,10,6715
ID,2007,11,6216
ID,2007,12,6099
ID,2008,1,5271
ID,2008,2,5217
ID,2008,3,6080
ID,2008,4,6239
ID,2008,5,6810
ID,2008,6,6572
ID,2008,7,7034
ID,2008,8,6706
ID,2008,9,6181
ID,2008,10,6623
ID,2008,11,5629
ID,2008,12,5258
ID,2009,1,5633
ID,2009,2,5514
ID,2009,3,5925
ID,2009,4,6100
ID,2009,5,6306
ID,2009,6,6312
ID,2009,7,6795
ID,2009,8,6606
ID,2009,9,5964
ID,2009,10,5800
ID,2009,11,5648
ID,2009,12,5249
ID,2010,1,5560
ID,2010,2,4937
ID,2010,3,5720
ID,2010,4,5862
ID,2010,5,6225
ID,2010,6,6373
ID,2010,7,6662
ID,2010,8,6875
ID,2010,9,5927
ID,2010,10,6163
ID,2010,11,5127
ID,2010,12,5135
ID,2011,1,5359
ID,2011,2,4630
ID,2011,3,5747
ID,2011,4,5731
ID,2011,5,6240
ID,2011,6,6449
ID,2011,7,7017
ID,2011,8,6608
ID,2011,9,6408
ID,2011,10,6170
ID,2011,11,5730
ID,2011,12,5552
ID,2012,1,5473
ID,2012,2,5178
ID,2012,3,5783
ID,2012,4,5955
ID,2012,5,6031
ID,2012,6,6115
ID,2012,7,6685
ID,2012,8,6612
ID,2012,9,5924
ID,2012,10,5692
ID,2012,11,5438
ID,2012,12,5271
ID,2013,1,4937
ID,2013,2,4863
ID,2013,3,5668
ID,2013,4,5541
ID,2013,5,6012
ID,2013,6,6027
ID,2013,7,6464
ID,2013,8,6423
ID,2013,9,5904
ID,2013,10,6022
ID,2013,11,5476
ID,2013,12,4882
ID,2014,1,5499
ID,2014,2,4761
ID,2014,3,5700
ID,2014,4,5676
ID,2014,5,6039
ID,2014,6,5814
ID,2014,7,6148
ID,2014,8,5955
ID,2014,9,5851
ID,2014,10,5862
ID,2014,11,4853
ID,2014,12,5354
ID,2015,1,5319
ID,2015,2,5006
ID,2015,3,5803
ID,2015,4,5357
ID,2015,5,5716
ID,2015,6,5908
ID,2015,7,6188
ID,2015,8,6179
ID,2015,9,5897
ID,2015,10,5976
ID,2015,11,4965
ID,2015,12,4770
ID,2016,1,5451
ID,2016,2,5179
ID,2016,3,5562
ID,2016,4,5930
ID,2016,5,6048
ID,2016,6,5975
ID,2016,7,6437
ID,2016,8,6150
ID,2016,9,5673
ID,2016,10,5975
ID,2016,11,5560
ID,2016,12,5065
IL,2006,1,1824
IL,2006,2,1472
IL,2006,3,1925
IL,2006,4,2044
IL,2006,5,2211
IL,2006,6,2324
IL,2006,7,2367
IL,2006,8,2348
IL,2006,9,2129
IL,2006,10,2051
IL,2006,11,1891
IL,2006,12,1802
IL,2007,1,1726
IL,2007,2,1367
IL,2007,3,1823
IL,2007,4,1734
IL,2007,5,2039
IL,2007,6,1908
IL,2007,7,2116
IL,2007,8,2219
IL,2007,9,2095
IL,2007,10,2074
IL,2007,11,1778
IL,2007,12,1503
IL,2008,1,1626
IL,2008,2,1361
IL,2008,3,1658
IL,2008,4,1991
IL,2008,5,1981
IL,2008,6,1855
IL,2008,7,2073
IL,2008,8,2124
IL,2008,9,1991
IL,2008,10,1974
IL,2008,11,1711
IL,2008,12,1421
IL,2009,1,1283
IL,2009,2,1240
IL,2009,3,1701
IL,2009,4,1685
IL,2009,5,1823
IL,2009,6,1786
IL,2009,7,1924
IL,2009,8,1919
IL,2009,9,1743
IL,2009,10,1718
IL,2009,11,1525
IL,2009,12,1405
IL,2010,1,1381
IL,2010,2,1119
IL,2010,3,1584
IL,2010,4,1671
IL,2010,5,1673
IL,2010,6,1682
IL,2010,7,1806
IL,2010,8,1745
IL,2010,9,1640
IL,2010,10,1540
IL,2010,11,1423
IL,2010,12,1091
IL,2011,1,1181
IL,2011,2,966
IL,2011,3,1369
IL,2011,4,1446
IL,2011,5,1587
IL,2011,6,1559
IL,2011,7,1658
IL,2011,8,1575
IL,2011,9,1431
IL,2011,10,1393
IL,2011,11,1381
IL,2011,12,1268
IL,2012,1,1255
IL,2012,2,1065
IL,2012,3,1425
IL,2012,4,1411
IL,2012,5,1517
IL,2012,6,1474
IL,2012,7,1558
IL,2012,8,1534
IL,2012,9,1500
IL,2012,10,1414
IL,2012,11,1300
IL,2012,12,1324
IL,2013,1,1243
IL,2013,2,969
IL,2013,3,1284
IL,2013,4,1323
IL,2013,5,1368
IL,2013,6,1389
IL,2013,7,1382
IL,2013,8,1577
IL,2013,9,1420
IL,2013,10,1336
IL,2013,11,1267
IL,2013,12,1060
IL,2014,1,934
IL,2014,2,884
IL,2014,3,1072
IL,2014,4,1294
IL,2014,5,1398
IL,2014,6,1477
IL,2014,7,1444
IL,2014,8,1414
IL,2014,9,1297
IL,2014,10,1215
IL,2014,11,1149
IL,2014,12,1187
IL,2015,1,1121
IL,2015,2,818
IL,2015,3,1068
IL,2015,4,1129
IL,2015,5,1307
IL,2015,6,1317
IL,2015,7,1368
IL,2015,8,1371
IL,2015,9,1255
IL,2015,10,1283
IL,2015,11,1152
IL,2015,12,1102
IL,2016,1,1026
IL,2016,2,918
IL,2016,3,1181
IL,2016,4,1097
IL,2016,5,1216
IL,2016,6,1251
IL,2016,7,1353
IL,2016,8,1258
IL,2016,9,1121
IL,2016,10,1137
IL,2016,11,1033
IL,2016,12,1048
IN,2013,1,1
IN,2013,3,2
IN,2013,4,1
IN,2013,5,1
IN,2013,6,5
IN,2013,7,5
IN,2013,8,2
IN,2013,9,2
IN,2013,10,4
IN,2013,11,6
IN,2013,12,25
IN,2014,1,457
IN,2014,2,408
IN,2014,3,430
IN,2014,4,466
IN,2014,5,466
IN,2014,6,478
IN,2014,7,472
IN,2014,8,468
IN,2014,9,471
IN,2014,10,413
IN,2014,11,384
IN,2014,12,494
IN,2015,1,459
IN,2015,2,405
IN,2015,3,509
IN,2015,4,451
IN,2015,5,419
IN,2015,6,459
IN,2015,7,502
IN,2015,8,539
IN,2015,9,528
IN,2015,10,466
IN,2015,11,392
IN,2015,12,507
IN,2016,1,671
IN,2016,2,644
IN,2016,3,674
IN,2016,4,598
IN,2016,5,632
IN,2016,6,566
IN,2016,7,528
IN,2016,8,639
IN,2016,9,594
IN,2016,10,498
IN,2016,11,597
IN,2016,12,564
KS,2006,1,12780
KS,2006,2,10857
KS,2006,3,12643
KS,2006,4,13428
KS,2006,5,14569
KS,2006,6,14229
KS,2006,7,14678
KS,2006,8,14283
KS,2006,9,13943
KS,2006,10,13899
KS,2006,11,12552
KS,2006,12,12702
KS,2007,1,11448
KS,2007,2,10354
KS,2007,3,13767
KS,2007,4,13268
KS,2007,5,15130
KS,2007,6,14083
KS,2007,7,15556
KS,2007,8,15293
KS,2007,9,14351
KS,2007,10,14406
KS,2007,11,12853
KS,2007,12,11664
KS,2008,1,12619
KS,2008,2,11056
KS,2008,3,13209
KS,2008,4,13213
KS,2008,5,14009
KS,2008,6,14424
KS,2008,7,14620
KS,2008,8,14251
KS,2008,9,13542
KS,2008,10,14179
KS,2008,11,12656
KS,2008,12,12434
KS,2009,1,12727
KS,2009,2,11508
KS,2009,3,12638
KS,2009,4,12997
KS,2009,5,14178
KS,2009,6,13919
KS,2009,7,14717
KS,2009,8,14029
KS,2009,9,13060
KS,2009,10,12542
KS,2009,11,8825
KS,2009,12,8202
KS,2010,1,11392
KS,2010,2,9915
KS,2010,3,12142
KS,2010,4,13133
KS,2010,5,13728
KS,2010,6,13443
KS,2010,7,14024
KS,2010,8,13890
KS,2010,9,12564
KS,2010,10,13224
KS,2010,11,11737
KS,2010,12,11360
KS,2011,1,11289
KS,2011,2,9428
KS,2011,3,12181
KS,2011,4,12637
KS,2011,5,13458
KS,2011,6,13311
KS,2011,7,13977
KS,2011,8,13551
KS,2011,9,13157
KS,2011,10,13331
KS,2011,11,12135
KS,2011,12,11712
KS,2012,1,12583
KS,2012,2,11218
KS,2012,3,13028
KS,2012,4,13110
KS,2012,5,14024
KS,2012,6,13414
KS,2012,7,13783
KS,2012,8,13403
KS,2012,9,12727
KS,2012,10,12985
KS,2012,11,12098
KS,2012,12,11507
KS,2013,1,11988
KS,2013,2,9893
KS,2013,3,11472
KS,2013,4,11877
KS,2013,5,12826
KS,2013,6,12560
KS,2013,7,12694
KS,2013,8,13161
KS,2013,9,12392
KS,2013,10,12810
KS,2013,11,11383
KS,2013,12,10461
KS,2014,1,10975
KS,2014,2,9274
KS,2014,3,10985
KS,2014,4,11467
KS,2014,5,12310
KS,2014,6,11917
KS,2014,7,12016
KS,2014,8,11430
KS,2014,9,10407
KS,2014,10,9006
KS,2014,11,8778
KS,2014,12,10092
KS,2015,1,10064
KS,2015,2,8701
KS,2015,3,10332
KS,2015,4,10436
KS,2015,5,11153
KS,2015,6,11291
KS,2015,7,11684
KS,2015,8,11771
KS,2015,9,11027
KS,2015,10,10967
KS,2015,11,10030
KS,2015,12,10472
KS,2016,1,10982
KS,2016,2,9593
KS,2016,3,11643
KS,2016,4,11446
KS,2016,5,11645
KS,2016,6,11498
KS,2016,7,11898
KS,2016,8,12051
KS,2016,9,11174
KS,2016,10,11789
KS,2016,11,10634
KS,2016,12,10992
KY,2006,1,1317
KY,2006,2,1093
KY,2006,3,1239
KY,2006,4,1183
KY,2006,5,1237
KY,2006,6,1335
KY,2006,7,1420
KY,2006,8,1331
KY,2006,9,1285
KY,2006,10,1361
KY,2006,11,1227
KY,2006,12,1194
KY,2007,1,945
KY,2007,2,741
KY,2007,3,943
KY,2007,4,905
KY,2007,5,1021
KY,2007,6,872
KY,2007,7,1024
KY,2007,8,1057
KY,2007,9,923
KY,2007,10,741
KY,2007,11,656
KY,2007,12,374
KY,2008,1,915
KY,2008,2,716
KY,2008,3,738
KY,2008,4,834
KY,2008,5,929
KY,2008,6,1025
KY,2008,7,1460
KY,2008,8,1430
KY,2008,9,1578
KY,2008,10,1511
KY,2008,11,1168
KY,2008,12,1336
KY,2009,1,9121
KY,2009,2,7734
KY,2009,3,9294
KY,2009,4,10037
KY,2009,5,10154
KY,2009,6,10101
KY,2009,7,10884
KY,2009,8,10807
KY,2009,9,10515
KY,2009,10,10193
KY,2009,11,9351
KY,2009,12,9057
KY,2010,1,8923
KY,2010,2,7662
KY,2010,3,10038
KY,2010,4,10556
KY,2010,5,11438
KY,2010,6,11363
KY,2010,7,12033
KY,2010,8,11664
KY,2010,9,11024
KY,2010,10,10951
KY,2010,11,10033
KY,2010,12,9150
KY,2011,1,10148
KY,2011,2,9131
KY,2011,3,11190
KY,2011,4,11266
KY,2011,5,11715
KY,2011,6,11551
KY,2011,7,12597
KY,2011,8,12548
KY,2011,9,14129
KY,2011,10,14059
KY,2011,11,12599
KY,2011,12,13207
KY,2012,1,13120
KY,2012,2,11431
KY,2012,3,12766
KY,2012,4,13072
KY,2012,5,13494
KY,2012,6,13595
KY,2012,7,14330
KY,2012,8,13919
KY,2012,9,12901
KY,2012,10,12796
KY,2012,11,11809
KY,2012,12,11701
KY,2013,1,12349
KY,2013,2,9840
KY,2013,3,11634
KY,2013,4,11980
KY,2013,5,13060
KY,2013,6,12834
KY,2013,7,13217
KY,2013,8,13627
KY,2013,9,12320
KY,2013,10,12574
KY,2013,11,11270
KY,2013,12,11015
KY,2014,1,11788
KY,2014,2,9823
KY,2014,3,11604
KY,2014,4,12501
KY,2014,5,13422
KY,2014,6,13138
KY,2014,7,14136
KY,2014,8,14162
KY,2014,9,14377
KY,2014,10,16968
KY,2014,11,15131
KY,2014,12,15423
KY,2015,1,16265
KY,2015,2,12007
KY,2015,3,15368
KY,2015,4,16277
KY,2015,5,17627
KY,2015,6,17056
KY,2015,7,18215
KY,2015,8,18178
KY,2015,9,16916
KY,2015,10,17162
KY,2015,11,15681
KY,2015,12,16309
KY,2016,1,15722
KY,2016,2,14439
KY,2016,3,16904
KY,2016,4,16968
KY,2016,5,17428
KY,2016,6,17190
KY,2016,7,17625
KY,2016,8,17785
KY,2016,9,16794
KY,2016,10,16954
KY,2016,11,15375
KY,2016,12,15672
LA,2006,1,2444
LA,2006,2,2062
LA,2006,3,2524
LA,2006,4,2498
LA,2006,5,2507
LA,2006,6,2421
LA,2006,7,2575
LA,2006,8,2416
LA,2006,9,2265
LA,2006,10,2315
LA,2006,11,2127
LA,2006,12,2370
LA,2007,1,2636
LA,2007,2,2446
LA,2007,3,2923
LA,2007,4,2848
LA,2007,5,2907
LA,2007,6,2925
LA,2007,7,2885
LA,2007,8,2965
LA,2007,9,2751
LA,2007,10,2681
LA,2007,11,2335
LA,2007,12,2403
LA,2008,1,2770
LA,2008,2,2618
LA,2008,3,2891
LA,2008,4,2967
LA,2008,5,2952
LA,2008,6,2763
LA,2008,7,3032
LA,2008,8,2760
LA,2008,9,2526
LA,2008,10,2688
LA,2008,11,2233
LA,2008,12,2336
LA,2009,1,2359
LA,2009,2,2258
LA,2009,3,2674
LA,2009,4,2538
LA,2009,5,2847
LA,2009,6,2682
LA,2009,7,2788
LA,2009,8,2668
LA,2009,9,2694
LA,2009,10,2606
LA,2009,11,2505
LA,2009,12,2434
LA,2010,1,3083
LA,2010,2,2777
LA,2010,3,3285
LA,2010,4,3557
LA,2010,5,3699
LA,2010,6,3431
LA,2010,7,3474
LA,2010,8,3368
LA,2010,9,3250
LA,2010,10,3145
LA,2010,11,2772
LA,2010,12,2683
LA,2011,1,3343
LA,2011,2,2969
LA,2011,3,3753
LA,2011,4,3769
LA,2011,5,3910
LA,2011,6,3764
LA,2011,7,3283
LA,2011,8,3976
LA,2011,9,3849
LA,2011,10,3609
LA,2011,11,3322
LA,2011,12,3349
LA,2012,1,3337
LA,2012,2,2895
LA,2012,3,3391
LA,2012,4,3325
LA,2012,5,3596
LA,2012,6,3282
LA,2012,7,3459
LA,2012,8,2824
LA,2012,9,2771
LA,2012,10,2847
LA,2012,11,2520
LA,2012,12,2621
LA,2013,1,3057
LA,2013,2,2543
LA,2013,3,3030
LA,2013,4,3249
LA,2013,5,3385
LA,2013,6,3157
LA,2013,7,3227
LA,2013,8,3236
LA,2013,9,2883
LA,2013,10,3284
LA,2013,11,3046
LA,2013,12,3030
LA,2014,1,3167
LA,2014,2,2988
LA,2014,3,3396
LA,2014,4,3224
LA,2014,5,3307
LA,2014,6,3135
LA,2014,7,3407
LA,2014,8,3282
LA,2014,9,3185
LA,2014,10,3006
LA,2014,11,2590
LA,2014,12,2800
LA,2015,1,3702
LA,2015,2,3151
LA,2015,3,3746
LA,2015,4,3748
LA,2015,5,4150
LA,2015,6,3937
LA,2015,7,4092
LA,2015,8,4169
LA,2015,9,4048
LA,2015,10,3860
LA,2015,11,3627
LA,2015,12,3836
LA,2016,1,3940
LA,2016,2,3615
LA,2016,3,3806
LA,2016,4,3915
LA,2016,5,4047
LA,2016,6,3728
LA,2016,7,3551
LA,2016,8,3570
LA,2016,9,3578
LA,2016,10,3562
LA,2016,11,3199
LA,2016,12,3504
MA,2006,1,16762
MA,2006,2,15382
MA,2006,3,17771
MA,2006,4,17748
MA,2006,5,18796
MA,2006,6,19584
MA,2006,7,21275
MA,2006,8,20847
MA,2006,9,18904
MA,2006,10,19425
MA,2006,11,18651
MA,2006,12,18860
MA,2007,1,18935
MA,2007,2,15352
MA,2007,3,18963
MA,2007,4,19701
MA,2007,5,21252
MA,2007,6,21440
MA,2007,7,22619
MA,2007,8,22929
MA,2007,9,21135
MA,2007,10,21483
MA,2007,11,20011
MA,2007,12,17288
MA,2008,1,19498
MA,2008,2,17419
MA,2008,3,20770
MA,2008,4,21450
MA,2008,5,22110
MA,2008,6,22862
MA,2008,7,24627
MA,2008,8,24023
MA,2008,9,22286
MA,2008,10,22714
MA,2008,11,20440
MA,2008,12,18975
MA,2009,1,17111
MA,2009,2,16864
MA,2009,3,20000
MA,2009,4,20667
MA,2009,5,21858
MA,2009,6,22334
MA,2009,7,23779
MA,2009,8,24127
MA,2009,9,22500
MA,2009,10,21847
MA,2009,11,20770
MA,2009,12,18756
MA,2010,1,18436
MA,2010,2,16610
MA,2010,3,20505
MA,2010,4,20983
MA,2010,5,22215
MA,2010,6,22631
MA,2010,7,24473
MA,2010,8,24406
MA,2010,9,22432
MA,2010,10,21668
MA,2010,11,19894
MA,2010,12,18448
MA,2011,1,16239
MA,2011,2,14446
MA,2011,3,19361
MA,2011,4,19850
MA,2011,5,21927
MA,2011,6,21319
MA,2011,7,23533
MA,2011,8,23531
MA,2011,9,22051
MA,2011,10,21029
MA,2011,11,20192
MA,2011,12,20348
MA,2012,1,19131
MA,2012,2,17290
MA,2012,3,19616
MA,2012,4,19663
MA,2012,5,21002
MA,2012,6,20709
MA,2012,7,23323
MA,2012,8,22414
MA,2012,9,20704
MA,2012,10,20716
MA,2012,11,18764
MA,2012,12,18026
MA,2013,1,18417
MA,2013,2,14672
MA,2013,3,18014
MA,2013,4,18867
MA,2013,5,20420
MA,2013,6,20313
MA,2013,7,22582
MA,2013,8,22235
MA,2013,9,20228
MA,2013,10,20390
MA,2013,11,18259
MA,2013,12,17420
MA,2014,1,16515
MA,2014,2,13633
MA,2014,3,16984
MA,2014,4,17662
MA,2014,5,19014
MA,2014,6,19277
MA,2014,7,20537
MA,2014,8,19883
MA,2014,9,19294
MA,2014,10,19035
MA,2014,11,16594
MA,2014,12,17086
MA,2015,1,14615
MA,2015,2,11148
MA,2015,3,15774
MA,2015,4,17691
MA,2015,5,18634
MA,2015,6,17943
MA,2015,7,19767
MA,2015,8,19226
MA,2015,9,17905
MA,2015,10,17512
MA,2015,11,16897
MA,2015,12,16876
MA,2016,1,15597
MA,2016,2,14059
MA,2016,3,16198
MA,2016,4,15971
MA,2016,5,16680
MA,2016,6,17315
MA,2016,7,17835
MA,2016,8,18182
MA,2016,9,16542
MA,2016,10,16194
MA,2016,11,15156
MA,2016,12,14882
ME,2006,1,526
ME,2006,2,477
ME,2006,3,615
ME,2006,4,583
ME,2006,5,699
ME,2006,6,769
ME,2006,7,835
ME,2006,8,798
ME,2006,9,645
ME,2006,10,622
ME,2006,11,641
ME,2006,12,580
ME,2007,1,898
ME,2007,2,691
ME,2007,3,826
ME,2007,4,1221
ME,2007,5,1462
ME,2007,6,1483
ME,2007,7,1662
ME,2007,8,1709
ME,2007,9,1474
ME,2007,10,1376
ME,2007,11,1342
ME,2007,12,1229
ME,2008,1,1202
ME,2008,2,1084
ME,2008,3,1186
ME,2008,4,1372
ME,2008,5,1431
ME,2008,6,1479
ME,2008,7,1881
ME,2008,8,1718
ME,2008,9,1339
ME,2008,10,1396
ME,2008,11,1377
ME,2008,12,1118
ME,2009,1,1053
ME,2009,2,985
ME,2009,3,1021
ME,2009,4,1320
ME,2009,5,1387
ME,2009,6,1346
ME,2009,7,1477
ME,2009,8,1599
ME,2009,9,1339
ME,2009,10,1235
ME,2009,11,1222
ME,2009,12,1141
ME,2010,1,1105
ME,2010,2,1062
ME,2010,3,1207
ME,2010,4,1230
ME,2010,5,1352
ME,2010,6,1332
ME,2010,7,1598
ME,2010,8,1448
ME,2010,9,1292
ME,2010,10,1199
ME,2010,11,1138
ME,2010,12,1106
ME,2011,1,1026
ME,2011,2,846
ME,2011,3,1161
ME,2011,4,1206
ME,2011,5,1417
ME,2011,6,1427
ME,2011,7,1732
ME,2011,8,1692
ME,2011,9,1545
ME,2011,10,1426
ME,2011,11,1377
ME,2011,12,1312
ME,2012,1,1181
ME,2012,2,1181
ME,2012,3,1372
ME,2012,4,1505
ME,2012,5,1562
ME,2012,6,1471
ME,2012,7,1698
ME,2012,8,1716
ME,2012,9,1419
ME,2012,10,1508
ME,2012,11,1393
ME,2012,12,1230
ME,2013,1,1372
ME,2013,2,1131
ME,2013,3,1385
ME,2013,4,1423
ME,2013,5,1588
ME,2013,6,1623
ME,2013,7,1829
ME,2013,8,1781
ME,2013,9,1519
ME,2013,10,1343
ME,2013,11,1395
ME,2013,12,1188
ME,2014,1,1251
ME,2014,2,963
ME,2014,3,1253
ME,2014,4,1252
ME,2014,5,1431
ME,2014,6,1593
ME,2014,7,1658
ME,2014,8,1611
ME,2014,9,1408
ME,2014,10,1370
ME,2014,11,1152
ME,2014,12,1072
ME,2015,1,1054
ME,2015,2,890
ME,2015,3,1185
ME,2015,4,1287
ME,2015,5,1388
ME,2015,6,1419
ME,2015,7,1581
ME,2015,8,1541
ME,2015,9,1283
ME,2015,10,1197
ME,2015,11,1079
ME,2015,12,1269
ME,2016,1,1146
ME,2016,2,1159
ME,2016,3,1269
ME,2016,4,1334
ME,2016,5,1542
ME,2016,6,1453
ME,2016,7,1664
ME,2016,8,1593
ME,2016,9,1412
ME,2016,10,1379
ME,2016,11,1345
ME,2016,12,1111
MI,2006,1,57188
MI,2006,2,47515
MI,2006,3,56895
MI,2006,4,56890
MI,2006,5,62024
MI,2006,6,62955
MI,2006,7,66860
MI,2006,8,67089
MI,2006,9,60274
MI,2006,10,61690
MI,2006,11,56198
MI,2006,12,52726
MI,2007,1,52555
MI,2007,2,39811
MI,2007,3,53317
MI,2007,4,55579
MI,2007,5,62152
MI,2007,6,60756
MI,2007,7,64187
MI,2007,8,63566
MI,2007,9,58253
MI,2007,10,59812
MI,2007,11,52423
MI,2007,12,45328
MI,2008,1,49076
MI,2008,2,40399
MI,2008,3,50134
MI,2008,4,55665
MI,2008,5,57589
MI,2008,6,57905
MI,2008,7,63294
MI,2008,8,61561
MI,2008,9,56357
MI,2008,10,56405
MI,2008,11,47259
MI,2008,12,39346
MI,2009,1,42141
MI,2009,2,39485
MI,2009,3,50004
MI,2009,4,51075
MI,2009,5,55371
MI,2009,6,56500
MI,2009,7,59933
MI,2009,8,59697
MI,2009,9,55005
MI,2009,10,53926
MI,2009,11,50612
MI,2009,12,44089
MI,2010,1,44265
MI,2010,2,37232
MI,2010,3,48945
MI,2010,4,51237
MI,2010,5,54059
MI,2010,6,54848
MI,2010,7,58706
MI,2010,8,58271
MI,2010,9,51118
MI,2010,10,52236
MI,2010,11,46330
MI,2010,12,39958
MI,2011,1,41436
MI,2011,2,32748
MI,2011,3,43950
MI,2011,4,45965
MI,2011,5,50080
MI,2011,6,51887
MI,2011,7,55777
MI,2011,8,55586
MI,2011,9,48991
MI,2011,10,48755
MI,2011,11,45815
MI,2011,12,43434
MI,2012,1,43314
MI,2012,2,39371
MI,2012,3,47210
MI,2012,4,47132
MI,2012,5,51077
MI,2012,6,50534
MI,2012,7,53364
MI,2012,8,51784
MI,2012,9,48133
MI,2012,10,46771
MI,2012,11,43936
MI,2012,12,39961
MI,2013,1,40988
MI,2013,2,34027
MI,2013,3,41871
MI,2013,4,43940
MI,2013,5,48671
MI,2013,6,48371
MI,2013,7,50932
MI,2013,8,50675
MI,2013,9,45504
MI,2013,10,44903
MI,2013,11,39731
MI,2013,12,33266
MI,2014,1,33965
MI,2014,2,31209
MI,2014,3,38242
MI,2014,4,42008
MI,2014,5,44449
MI,2014,6,45335
MI,2014,7,48070
MI,2014,8,47345
MI,2014,9,43665
MI,2014,10,42982
MI,2014,11,36586
MI,2014,12,38172
MI,2015,1,37079
MI,2015,2,29621
MI,2015,3,38860
MI,2015,4,41093
MI,2015,5,42827
MI,2015,6,43190
MI,2015,7,45890
MI,2015,8,46102
MI,2015,9,43214
MI,2015,10,42227
MI,2015,11,37890
MI,2015,12,39554
MI,2016,1,38642
MI,2016,2,34908
MI,2016,3,41505
MI,2016,4,42235
MI,2016,5,44866
MI,2016,6,44364
MI,2016,7,46738
MI,2016,8,47985
MI,2016,9,43806
MI,2016,10,43974
MI,2016,11,40472
MI,2016,12,35502
MO,2007,1,95
MO,2007,2,93
MO,2007,3,116
MO,2007,4,130
MO,2007,5,123
MO,2007,6,148
MO,2007,7,134
MO,2007,8,133
MO,2007,9,125
MO,2007,10,106
MO,2007,11,90
MO,2007,12,50
MO,2008,1,55
MO,2008,2,46
MO,2008,3,77
MO,2008,4,65
MO,2008,5,109
MO,2008,6,87
MO,2008,7,12
MO,2009,1,116
MO,2009,2,114
MO,2009,3,129
MO,2009,4,142
MO,2009,5,128
MO,2009,6,140
MO,2009,7,165
MO,2009,8,538
MO,2009,9,505
MO,2009,10,447
MO,2009,11,454
MO,2009,12,419
MO,2010,1,4150
MO,2010,2,3269
MO,2010,3,4507
MO,2010,4,4756
MO,2010,5,5618
MO,2010,6,5513
MO,2010,7,5665
MO,2010,8,5577
MO,2010,9,5433
MO,2010,10,5560
MO,2010,11,5007
MO,2010,12,4582
MO,2011,1,4034
MO,2011,2,3574
MO,2011,3,4676
MO,2011,4,4901
MO,2011,5,5566
MO,2011,6,5375
MO,2011,7,5724
MO,2011,8,5374
MO,2011,9,5084
MO,2011,10,5192
MO,2011,11,4848
MO,2011,12,5001
MO,2012,1,5078
MO,2012,2,4375
MO,2012,3,5344
MO,2012,4,5286
MO,2012,5,5901
MO,2012,6,5743
MO,2012,7,5871
MO,2012,8,5899
MO,2012,9,5459
MO,2012,10,5459
MO,2012,11,5251
MO,2012,12,5059
MO,2013,1,5395
MO,2013,2,4098
MO,2013,3,5037
MO,2013,4,5104
MO,2013,5,5707
MO,2013,6,5629
MO,2013,7,6142
MO,2013,8,5835
MO,2013,9,4792
MO,2013,10,5351
MO,2013,11,4805
MO,2013,12,4728
MO,2014,1,4794
MO,2014,2,4003
MO,2014,3,5182
MO,2014,4,5332
MO,2014,5,5832
MO,2014,6,5401
MO,2014,7,5732
MO,2014,8,5833
MO,2014,9,5440
MO,2014,10,5724
MO,2014,11,4704
MO,2014,12,5140
MO,2015,1,5281
MO,2015,2,4178
MO,2015,3,4980
MO,2015,4,5101
MO,2015,5,5267
MO,2015,6,5337
MO,2015,7,5620
MO,2015,8,5640
MO,2015,9,5383
MO,2015,10,5403
MO,2015,11,5178
MO,2015,12,5187
MO,2016,1,5002
MO,2016,2,4476
MO,2016,3,5001
MO,2016,4,5042
MO,2016,5,5345
MO,2016,6,5434
MO,2016,7,6076
MO,2016,8,6176
MO,2016,9,5252
MO,2016,10,5389
MO,2016,11,5333
MO,2016,12,5263
MT,2006,1,3989
MT,2006,2,3431
MT,2006,3,4021
MT,2006,4,4167
MT,2006,5,4575
MT,2006,6,4828
MT,2006,7,4798
MT,2006,8,4876
MT,2006,9,4437
MT,2006,10,4392
MT,2006,11,3998
MT,2006,12,3923
NB,2015,1,2295
NB,2015,2,1928
NB,2015,3,2453
NB,2015,4,2468
NB,2015,5,2381
NB,2015,6,2468
NB,2015,7,2754
NB,2015,8,2697
NB,2015,9,2652
NB,2015,10,2644
NB,2015,11,2505
NB,2015,12,2605
NB,2017,1,2861
NB,2017,2,2637
NB,2017,3,3046
NB,2017,4,2872
NB,2017,5,2994
NB,2017,6,3141
NB,2017,7,3260
NB,2017,8,3381
NB,2017,9,3248
NB,2017,10,3366
NB,2017,11,3167
NB,2017,12,2962
NB,2018,1,2806
NB,2018,2,2361
NB,2018,3,2911
NB,2018,4,2957
NB,2018,5,3286
NB,2018,6,3063
NB,2018,7,3378
NB,2018,8,3306
NB,2018,9,3165
NB,2018,10,3177
NB,2018,11,2873
NB,2018,12,2805
NB,2019,1,2807
NB,2019,2,2433
NB,2019,3,2659
NB,2019,4,3027
NB,2019,5,3126
NB,2019,6,3151
NB,2019,7,3050
NB,2019,8,3095
NB,2019,9,3191
NB,2019,10,2773
NB,2019,11,2667
NB,2019,12,2564
ND,2006,1,2178
ND,2006,2,1685
ND,2006,3,1976
ND,2006,4,2214
ND,2006,5,2578
ND,2006,6,2481
ND,2006,7,2709
ND,2006,8,2660
ND,2006,9,2275
ND,2006,10,2410
ND,2006,11,2127
ND,2006,12,1936
ND,2007,1,1930
ND,2007,2,1665
ND,2007,3,2177
ND,2007,4,2308
ND,2007,5,2485
ND,2007,6,2437
ND,2007,7,2592
ND,2007,8,2760
ND,2007,9,2280
ND,2007,10,2349
ND,2007,11,2030
ND,2007,12,1850
ND,2008,1,1924
ND,2008,2,1754
ND,2008,3,2162
ND,2008,4,2223
ND,2008,5,2523
ND,2008,6,2633
ND,2008,7,2792
ND,2008,8,2751
ND,2008,9,2483
ND,2008,10,2553
ND,2008,11,2234
ND,2008,12,1705
ND,2009,1,1803
ND,2009,2,1621
ND,2009,3,1833
ND,2009,4,2296
ND,2009,5,2547
ND,2009,6,2479
ND,2009,7,2795
ND,2009,8,2896
ND,2009,9,2607
ND,2009,10,2401
ND,2009,11,2176
ND,2009,12,1917
ND,2010,1,1904
ND,2010,2,1716
ND,2010,3,2084
ND,2010,4,2370
ND,2010,5,2486
ND,2010,6,2369
ND,2010,7,2562
ND,2010,8,2454
ND,2010,9,2520
ND,2010,10,2576
ND,2010,11,2025
ND,2010,12,1733
ND,2011,1,1929
ND,2011,2,1792
ND,2011,3,1919
ND,2011,4,2263
ND,2011,5,2396
ND,2011,6,2499
ND,2011,7,2854
ND,2011,8,2969
ND,2011,9,2652
ND,2011,10,2902
ND,2011,11,2365
ND,2011,12,2321
ND,2012,1,2412
ND,2012,2,2225
ND,2012,3,2629
ND,2012,4,2686
ND,2012,5,2923
ND,2012,6,3151
ND,2012,7,3145
ND,2012,8,3281
ND,2012,9,2893
ND,2012,10,2809
ND,2012,11,2330
ND,2012,12,2373
ND,2013,1,2330
ND,2013,2,2120
ND,2013,3,2448
ND,2013,4,2587
ND,2013,5,3074
ND,2013,6,3057
ND,2013,7,3256
ND,2013,8,3298
ND,2013,9,3105
ND,2013,10,3172
ND,2013,11,2761
ND,2013,12,2226
ND,2014,1,2462
ND,2014,2,2288
ND,2014,3,2717
ND,2014,4,2826
ND,2014,5,3257
ND,2014,6,3199
ND,2014,7,3470
ND,2014,8,3601
ND,2014,9,3189
ND,2014,10,3342
ND,2014,11,2764
ND,2014,12,2878
ND,2015,1,2960
ND,2015,2,2582
ND,2015,3,3208
ND,2015,4,3332
ND,2015,5,3401
ND,2015,6,3474
ND,2015,7,3640
ND,2015,8,3858
ND,2015,9,3684
ND,2015,10,3618
ND,2015,11,3188
ND,2015,12,3040
ND,2016,1,3208
ND,2016,2,2899
ND,2016,3,3255
ND,2016,4,3192
ND,2016,5,3264
ND,2016,6,3300
ND,2016,7,3513
ND,2016,8,3681
ND,2016,9,3679
ND,2016,10,3693
ND,2016,11,3237
ND,2016,12,2639
NE,2006,1,2520
NE,2006,2,1973
NE,2006,3,2186
NE,2006,4,2216
NE,2006,5,2555
NE,2006,6,2607
NE,2006,7,2747
NE,2006,8,2680
NE,2006,9,2466
NE,2006,10,2638
NE,2006,11,2272
NE,2006,12,2431
NE,2007,1,2148
NE,2007,2,1871
NE,2007,3,2409
NE,2007,4,2570
NE,2007,5,2703
NE,2007,6,2758
NE,2007,7,2861
NE,2007,8,2577
NE,2007,9,2533
NE,2007,10,2414
NE,2007,11,1998
NE,2007,12,1656
NE,2008,1,1935
NE,2008,2,1936
NE,2008,3,2361
NE,2008,4,2363
NE,2008,5,2671
NE,2008,6,2696
NE,2008,7,2818
NE,2008,8,2803
NE,2008,9,2621
NE,2008,10,2638
NE,2008,11,2303
NE,2008,12,2095
NE,2009,1,2216
NE,2009,2,1956
NE,2009,3,2636
NE,2009,4,2451
NE,2009,5,2887
NE,2009,6,2704
NE,2009,7,3015
NE,2009,8,2801
NE,2009,9,2680
NE,2009,10,2464
NE,2009,11,2454
NE,2009,12,1767
NE,2010,1,2015
NE,2010,2,1968
NE,2010,3,2408
NE,2010,4,2480
NE,2010,5,2685
NE,2010,6,2633
NE,2010,7,2967
NE,2010,8,2735
NE,2010,9,2690
NE,2010,10,2705
NE,2010,11,2351
NE,2010,12,2189
NE,2011,1,2071
NE,2011,2,1939
NE,2011,3,2364
NE,2011,4,2485
NE,2011,5,2735
NE,2011,6,2612
NE,2011,7,2780
NE,2011,8,2698
NE,2011,9,2718
NE,2011,10,2706
NE,2011,11,2290
NE,2011,12,2170
NE,2012,1,2255
NE,2012,2,2063
NE,2012,3,2519
NE,2012,4,2505
NE,2012,5,2574
NE,2012,6,2630
NE,2012,7,2828
NE,2012,8,2860
NE,2012,9,2555
NE,2012,10,2599
NE,2012,11,2382
NE,2012,12,2194
NE,2013,1,2256
NE,2013,2,2045
NE,2013,3,2410
NE,2013,4,2302
NE,2013,5,2406
NE,2013,6,2530
NE,2013,7,2690
NE,2013,8,2656
NE,2013,9,2456
NE,2013,10,2595
NE,2013,11,2358
NE,2013,12,2009
NE,2014,1,2277
NE,2014,2,1852
NE,2014,3,2134
NE,2014,4,2377
NE,2014,5,2673
NE,2014,6,2538
NE,2014,7,2612
NE,2014,8,2558
NE,2014,9,2570
NE,2014,10,2453
NE,2014,11,2074
NE,2014,12,2099
NE,2016,1,2420
NE,2016,2,2317
NE,2016,3,2664
NE,2016,4,2675
NE,2016,5,2836
NE,2016,6,2720
NE,2016,7,2831
NE,2016,8,2925
NE,2016,9,2720
NE,2016,10,2862
NE,2016,11,2638
NE,2016,12,2490
NH,2006,1,4083
NH,2006,2,3756
NH,2006,3,4380
NH,2006,4,4654
NH,2006,5,4776
NH,2006,6,4833
NH,2006,7,5350
NH,2006,8,5389
NH,2006,9,4737
NH,2006,10,4778
NH,2006,11,4500
NH,2006,12,4315
NH,2007,1,4072
NH,2007,2,3511
NH,2007,3,4077
NH,2007,4,4413
NH,2007,5,4957
NH,2007,6,5008
NH,2007,7,5319
NH,2007,8,5419
NH,2007,9,5040
NH,2007,10,5193
NH,2007,11,4451
NH,2007,12,3535
NH,2008,1,4686
NH,2008,2,4331
NH,2008,3,4999
NH,2008,4,5371
NH,2008,5,6014
NH,2008,6,5797
NH,2008,7,6085
NH,2008,8,6085
NH,2008,9,5458
NH,2008,10,5793
NH,2008,11,5269
NH,2008,12,4568
NH,2009,1,4487
NH,2009,2,4275
NH,2009,3,5378
NH,2009,4,5794
NH,2009,5,5875
NH,2009,6,6144
NH,2009,7,6129
NH,2009,8,6276
NH,2009,9,5859
NH,2009,10,5805
NH,2009,11,5332
NH,2009,12,4664
NH,2010,1,4903
NH,2010,2,4538
NH,2010,3,5596
NH,2010,4,5751
NH,2010,5,6018
NH,2010,6,5935
NH,2010,7,6323
NH,2010,8,6523
NH,2010,9,5939
NH,2010,10,5877
NH,2010,11,5064
NH,2010,12,4877
NH,2011,1,4495
NH,2011,2,3957
NH,2011,3,4884
NH,2011,4,5448
NH,2011,5,5725
NH,2011,6,5787
NH,2011,7,6214
NH,2011,8,6615
NH,2011,9,6005
NH,2011,10,5939
NH,2011,11,5592
NH,2011,12,5504
NH,2012,1,5046
NH,2012,2,4946
NH,2012,3,5603
NH,2012,4,5523
NH,2012,5,5929
NH,2012,6,5583
NH,2012,7,6484
NH,2012,8,6143
NH,2012,9,5652
NH,2012,10,5552
NH,2012,11,4902
NH,2012,12,4666
NH,2013,1,4710
NH,2013,2,4071
NH,2013,3,4812
NH,2013,4,5170
NH,2013,5,5645
NH,2013,6,5486
NH,2013,7,6009
NH,2013,8,6095
NH,2013,9,5728
NH,2013,10,5712
NH,2013,11,4847
NH,2013,12,4341
NH,2014,1,4763
NH,2014,2,3923
NH,2014,3,4777
NH,2014,4,5319
NH,2014,5,5789
NH,2014,6,5533
NH,2014,7,5939
NH,2014,8,5702
NH,2014,9,5515
NH,2014,10,5797
NH,2014,11,4631
NH,2014,12,4673
NH,2015,1,4343
NH,2015,2,3592
NH,2015,3,5016
NH,2015,4,5948
NH,2015,5,5596
NH,2015,6,5440
NH,2015,7,5719
NH,2015,8,5632
NH,2015,9,5445
NH,2015,10,5346
NH,2015,11,4845
NH,2015,12,5095
NH,2016,1,4690
NH,2016,2,4069
NH,2016,3,4874
NH,2016,4,4940
NH,2016,5,5413
NH,2016,6,5235
NH,2016,7,5173
NH,2016,8,5413
NH,2016,9,5201
NH,2016,10,4902
NH,2016,11,4481
NH,2016,12,4205
NH,2017,1,4515
NH,2017,2,3929
NH,2017,3,4677
NH,2017,4,4828
NH,2017,5,5194
NH,2017,6,5024
NH,2017,7,5265
NH,2017,8,5086
NH,2017,9,4671
NH,2017,10,4869
NH,2017,11,4421
NH,2017,12,3848
NH,2018,1,4084
NH,2018,2,3795
NH,2018,3,4361
NH,2018,4,4453
NH,2018,5,5117
NH,2018,6,4875
NH,2018,7,5034
NH,2018,8,4889
NH,2018,9,4875
NH,2018,10,4913
NH,2018,11,4248
NH,2018,12,4277
NM,2018,1,6140
NM,2018,2,5657
NM,2018,3,5980
NM,2018,4,5858
NM,2018,5,6146
NM,2018,6,5784
NM,2018,7,5687
NM,2018,8,5833
NM,2018,9,5759
NM,2018,10,5723
NM,2018,11,5454
NM,2018,12,5373
NM,2019,1,5678
NM,2019,2,5052
NM,2019,3,5478
NM,2019,4,5511
NM,2019,5,5550
NM,2019,6,5205
NM,2019,7,5884
NM,2019,8,6151
NM,2019,9,5755
NM,2019,10,5850
NM,2019,11,5570
NM,2019,12,5885
OH,2006,1,41855
OH,2006,2,35258
OH,2006,3,42093
OH,2006,4,42213
OH,2006,5,45709
OH,2006,6,46467
OH,2006,7,48345
OH,2006,8,46000
OH,2006,9,41955
OH,2006,10,42130
OH,2006,11,39301
OH,2006,12,40361
OH,2007,1,40307
OH,2007,2,30402
OH,2007,3,42714
OH,2007,4,41568
OH,2007,5,47230
OH,2007,6,47075
OH,2007,7,48990
OH,2007,8,48392
OH,2007,9,44764
OH,2007,10,44453
OH,2007,11,39732
OH,2007,12,38287
OH,2008,1,40132
OH,2008,2,33778
OH,2008,3,39710
OH,2008,4,43806
OH,2008,5,46851
OH,2008,6,47991
OH,2008,7,51642
OH,2008,8,50994
OH,2008,9,47616
OH,2008,10,45537
OH,2008,11,39973
OH,2008,12,39214
OH,2009,1,36149
OH,2009,2,34185
OH,2009,3,43740
OH,2009,4,44331
OH,2009,5,47614
OH,2009,6,48495
OH,2009,7,49706
OH,2009,8,50083
OH,2009,9,45737
OH,2009,10,45514
OH,2009,11,43406
OH,2009,12,39385
OH,2010,1,38122
OH,2010,2,30466
OH,2010,3,42822
OH,2010,4,45444
OH,2010,5,48310
OH,2010,6,49063
OH,2010,7,52240
OH,2010,8,50484
OH,2010,9,46375
OH,2010,10,46124
OH,2010,11,41695
OH,2010,12,37053
OH,2011,1,37524
OH,2011,2,31206
OH,2011,3,40435
OH,2011,4,42623
OH,2011,5,45847
OH,2011,6,47109
OH,2011,7,50455
OH,2011,8,49672
OH,2011,9,45611
OH,2011,10,45819
OH,2011,11,43567
OH,2011,12,42373
OH,2012,1,39019
OH,2012,2,35237
OH,2012,3,41827
OH,2012,4,41316
OH,2012,5,45671
OH,2012,6,46060
OH,2012,7,48679
OH,2012,8,47606
OH,2012,9,43213
OH,2012,10,42031
OH,2012,11,38688
OH,2012,12,36973
OH,2013,1,39611
OH,2013,2,32248
OH,2013,3,38336
OH,2013,4,41165
OH,2013,5,44491
OH,2013,6,43649
OH,2013,7,46273
OH,2013,8,46183
OH,2013,9,43789
OH,2013,10,41928
OH,2013,11,37448
OH,2013,12,34936
OH,2014,1,34348
OH,2014,2,28835
OH,2014,3,37353
OH,2014,4,40498
OH,2014,5,43241
OH,2014,6,43136
OH,2014,7,44850
OH,2014,8,46218
OH,2014,9,42803
OH,2014,10,42426
OH,2014,11,36189
OH,2014,12,37333
OH,2015,1,35556
OH,2015,2,28824
OH,2015,3,37814
OH,2015,4,39634
OH,2015,5,42882
OH,2015,6,41688
OH,2015,7,45171
OH,2015,8,44494
OH,2015,9,42215
OH,2015,10,39607
OH,2015,11,34280
OH,2015,12,34210
OH,2016,1,37062
OH,2016,2,33585
OH,2016,3,40439
OH,2016,4,39018
OH,2016,5,43067
OH,2016,6,43014
OH,2016,7,43851
OH,2016,8,43708
OH,2016,9,41421
OH,2016,10,41520
OH,2016,11,37631
OH,2016,12,35342
OH,2017,1,40900
OH,2017,2,36009
OH,2017,3,39029
OH,2017,4,41265
OH,2017,5,44247
OH,2017,6,44117
OH,2017,7,46011
OH,2017,8,45342
OH,2017,9,43041
OH,2017,10,42954
OH,2017,11,38932
OH,2017,12,35927
OH,2018,1,36023
OH,2018,2,33296
OH,2018,3,37692
OH,2018,4,39086
OH,2018,5,43255
OH,2018,6,41540
OH,2018,7,44688
OH,2018,8,44319
OH,2018,9,40877
OH,2018,10,40265
OH,2018,11,35620
OH,2018,12,37342
OH,2019,1,34209
OH,2019,2,32600
OH,2019,3,36337
OH,2019,4,37708
OH,2019,5,39972
OH,2019,6,38801
OH,2019,7,41106
OH,2019,8,39940
OH,2019,9,38526
OH,2019,10,37013
OH,2019,11,33042
OH,2019,12,33617
OK,2008,1,1638
OK,2008,2,1594
OK,2008,3,1809
OK,2008,4,1878
OK,2008,5,1999
OK,2008,6,1809
OK,2008,7,1864
OK,2008,8,1921
OK,2008,9,1843
OK,2008,10,2194
OK,2008,11,2017
OK,2008,12,1941
OK,2009,1,1988
OK,2009,2,1896
OK,2009,3,2161
OK,2009,4,2232
OK,2009,5,2474
OK,2009,6,2146
OK,2009,7,2380
OK,2009,8,2316
OK,2009,9,2204
OK,2009,10,2128
OK,2009,11,1962
OK,2009,12,1913
OK,2010,1,2072
OK,2010,2,1815
OK,2010,3,2175
OK,2010,4,2327
OK,2010,5,2468
OK,2010,6,2247
OK,2010,7,2338
OK,2010,8,2426
OK,2010,9,2095
OK,2010,10,2063
OK,2010,11,2010
OK,2010,12,1853
OK,2011,1,2106
OK,2011,2,1684
OK,2011,3,1375
OK,2011,4,2521
OK,2011,5,2780
OK,2011,6,2868
OK,2011,7,3244
OK,2011,8,2829
OK,2011,9,2987
OK,2011,10,2991
OK,2011,11,2921
OK,2011,12,2900
OK,2012,1,3736
OK,2012,2,3375
OK,2012,3,4180
OK,2012,4,4254
OK,2012,5,4569
OK,2012,6,4440
OK,2012,7,4732
OK,2012,8,4571
OK,2012,9,4416
OK,2012,10,4474
OK,2012,11,3983
OK,2012,12,4109
OK,2013,1,5143
OK,2013,2,4412
OK,2013,3,5228
OK,2013,4,5344
OK,2013,5,5668
OK,2013,6,5545
OK,2013,7,5552
OK,2013,8,5689
OK,2013,9,5384
OK,2013,10,5336
OK,2013,11,4885
OK,2013,12,4489
OK,2014,1,5205
OK,2014,2,4272
OK,2014,3,5333
OK,2014,4,5557
OK,2014,5,5921
OK,2014,6,5830
OK,2014,7,5752
OK,2014,8,5820
OK,2014,9,5358
OK,2014,10,5502
OK,2014,11,4880
OK,2014,12,5113
OK,2015,1,5852
OK,2015,2,4680
OK,2015,3,5714
OK,2015,4,5953
OK,2015,5,6086
OK,2015,6,6109
OK,2015,7,6501
OK,2015,8,6224
OK,2015,9,6018
OK,2015,10,6165
OK,2015,11,5359
OK,2015,12,5650
OK,2016,1,6604
OK,2016,2,6146
OK,2016,3,6806
OK,2016,4,6790
OK,2016,5,7036
OK,2016,6,6831
OK,2016,7,7051
OK,2016,8,7215
OK,2016,9,6765
OK,2016,10,7017
OK,2016,11,6165
OK,2016,12,6679
OK,2017,1,7086
OK,2017,2,6602
OK,2017,3,7150
OK,2017,4,7012
OK,2017,5,7459
OK,2017,6,7222
OK,2017,7,7125
OK,2017,8,7107
OK,2017,9,6827
OK,2017,10,7103
OK,2017,11,6692
OK,2017,12,6233
OK,2018,1,7287
OK,2018,2,6297
OK,2018,3,7516
OK,2018,4,7246
OK,2018,5,7660
OK,2018,6,7274
OK,2018,7,7602
OK,2018,8,7645
OK,2018,9,7357
OK,2018,10,7758
OK,2018,11,6828
OK,2018,12,6696
OK,2019,1,7081
OK,2019,2,6516
OK,2019,3,7021
OK,2019,4,9242
OK,2019,5,12029
OK,2019,6,11624
OK,2019,7,12378
OK,2019,8,12281
OK,2019,9,11969
OK,2019,10,11186
OK,2019,11,10418
OK,2019,12,10364
OR,2006,1,6436
OR,2006,2,5758
OR,2006,3,6369
OR,2006,4,6158
OR,2006,5,6703
OR,2006,6,6488
OR,2006,7,6851
OR,2006,8,6999
OR,2006,9,6605
OR,2006,10,6651
OR,2006,11,6043
OR,2006,12,6204
OR,2007,1,6275
OR,2007,2,5849
OR,2007,3,6852
OR,2007,4,6377
OR,2007,5,6462
OR,2007,6,6159
OR,2007,7,6317
OR,2007,8,6203
OR,2007,9,6093
OR,2007,10,6182
OR,2007,11,5629
OR,2007,12,5390
OR,2008,1,5535
OR,2008,2,5407
OR,2008,3,5703
OR,2008,4,5591
OR,2008,5,5998
OR,2008,6,5780
OR,2008,7,5959
OR,2008,8,5903
OR,2008,9,5904
OR,2008,10,5827
OR,2008,11,5642
OR,2008,12,5163
OR,2009,1,5603
OR,2009,2,4773
OR,2009,3,5423
OR,2009,4,5487
OR,2009,5,5667
OR,2009,6,5474
OR,2009,7,5764
OR,2009,8,5517
OR,2009,9,5186
OR,2009,10,5585
OR,2009,11,5179
OR,2009,12,5253
OR,2010,1,5824
OR,2010,2,4877
OR,2010,3,5526
OR,2010,4,5392
OR,2010,5,5667
OR,2010,6,5444
OR,2010,7,5719
OR,2010,8,5883
OR,2010,9,5631
OR,2010,10,5619
OR,2010,11,5189
OR,2010,12,5334
OR,2011,1,5694
OR,2011,2,4984
OR,2011,3,5747
OR,2011,4,5541
OR,2011,5,5964
OR,2011,6,6115
OR,2011,7,6680
OR,2011,8,6380
OR,2011,9,5891
OR,2011,10,6128
OR,2011,11,5721
OR,2011,12,6054
OR,2012,1,6137
OR,2012,2,5475
OR,2012,3,5834
OR,2012,4,5792
OR,2012,5,6271
OR,2012,6,6245
OR,2012,7,6618
OR,2012,8,6683
OR,2012,9,6104
OR,2012,10,6395
OR,2012,11,6142
OR,2012,12,6177
OR,2013,1,6261
OR,2013,2,5257
OR,2013,3,6610
OR,2013,4,6588
OR,2013,5,7135
OR,2013,6,6759
OR,2013,7,7069
OR,2013,8,6706
OR,2013,9,6025
OR,2013,10,5984
OR,2013,11,6306
OR,2013,12,6896
OR,2014,1,8010
OR,2014,2,6865
OR,2014,3,8047
OR,2014,4,7928
OR,2014,5,8417
OR,2014,6,8089
OR,2014,7,8634
OR,2014,8,8534
OR,2014,9,8487
OR,2014,10,8607
OR,2014,11,7652
OR,2014,12,8175
OR,2015,1,9097
OR,2015,2,8282
OR,2015,3,8818
OR,2015,4,10625
OR,2015,5,15232
OR,2015,6,15344
OR,2015,7,15647
OR,2015,8,15723
OR,2015,9,14973
OR,2015,10,15828
OR,2015,11,14632
OR,2015,12,14982
OR,2016,1,16904
OR,2016,2,16151
OR,2016,3,16813
OR,2016,4,16651
OR,2016,5,16713
OR,2016,6,16304
OR,2016,7,16158
OR,2016,8,14055
OR,2016,9,17142
OR,2016,10,17659
OR,2016,11,17041
OR,2016,12,16122
OR,2017,1,16979
OR,2017,2,16335
OR,2017,3,18675
OR,2017,4,17844
OR,2017,5,18836
OR,2017,6,18488
OR,2017,7,18641
OR,2017,8,18022
OR,2017,9,17397
OR,2017,10,18383
OR,2017,11,17263
OR,2017,12,17247
OR,2018,1,19589
OR,2018,2,16860
OR,2018,3,18517
OR,2018,4,18685
OR,2018,5,19485
OR,2018,6,18513
OR,2018,7,19088
OR,2018,8,19465
OR,2018,9,18010
OR,2018,10,18815
OR,2018,11,17815
OR,2018,12,17665
OR,2019,1,18134
OR,2019,2,15631
OR,2019,3,17250
OR,2019,4,17113
OR,2019,5,18020
OR,2019,6,17309
OR,2019,7,18171
OR,2019,8,17906
OR,2019,9,17106
OR,2019,10,17071
OR,2019,11,16097
OR,2019,12,16057
PA,2012,1,1
PA,2012,2,2
PA,2012,3,3
PA,2012,5,1
PA,2012,6,1
PA,2012,7,1
PA,2013,1,16
PA,2013,2,27
PA,2013,3,43
PA,2013,4,43
PA,2013,5,44
PA,2013,6,43
PA,2013,7,58
PA,2013,8,62
PA,2013,9,71
PA,2013,10,90
PA,2013,11,108
PA,2013,12,338
PA,2014,1,369
PA,2014,2,266
PA,2014,3,328
PA,2014,4,364
PA,2014,5,406
PA,2014,6,427
PA,2014,7,429
PA,2014,8,501
PA,2014,9,464
PA,2014,10,436
PA,2014,11,398
PA,2014,12,407
PA,2015,1,418
PA,2015,2,385
PA,2015,3,458
PA,2015,4,450
PA,2015,5,496
PA,2015,6,524
PA,2015,7,579
PA,2015,8,538
PA,2015,9,510
PA,2015,10,545
PA,2015,11,470
PA,2015,12,507
PA,2016,1,422
PA,2016,2,409
PA,2016,3,413
PA,2016,4,380
PA,2016,5,422
PA,2016,6,458
PA,2016,7,470
PA,2016,8,455
PA,2016,9,474
PA,2016,10,495
PA,2016,11,396
PA,2016,12,441
PA,2017,1,461
PA,2017,2,443
PA,2017,3,415
PA,2017,4,432
PA,2017,5,443
PA,2017,6,467
PA,2017,7,504
PA,2017,8,449
PA,2017,9,450
PA,2017,10,502
PA,2017,11,424
PA,2017,12,431
PA,2018,1,339
PA,2018,2,329
PA,2018,3,372
PA,2018,4,353
PA,2018,5,369
PA,2018,6,317
PA,2018,7,298
PA,2018,8,293
PA,2018,9,217
PA,2018,10,151
PA,2018,11,335
PA,2018,12,318
PA,2019,1,305
PA,2019,2,302
PA,2019,3,312
PA,2019,4,312
PA,2019,5,329
PA,2019,6,289
PA,2019,7,228
PA,2019,8,49
RI,2006,1,3429
RI,2006,2,3031
RI,2006,3,3565
RI,2006,4,3533
RI,2006,5,3887
RI,2006,6,3497
RI,2006,7,3979
RI,2006,8,4074
RI,2006,9,3914
RI,2006,10,3755
RI,2006,11,3481
RI,2006,12,3487
RI,2007,1,4771
RI,2007,2,3939
RI,2007,3,3927
RI,2007,4,4803
RI,2007,5,5352
RI,2007,6,5211
RI,2007,7,5433
RI,2007,8,5216
RI,2007,9,5153
RI,2007,10,5382
RI,2007,11,4721
RI,2007,12,4471
RI,2008,1,4774
RI,2008,2,4188
RI,2008,3,4818
RI,2008,4,4945
RI,2008,5,5408
RI,2008,6,5489
RI,2008,7,5908
RI,2008,8,5693
RI,2008,9,5032
RI,2008,10,5587
RI,2008,11,4860
RI,2008,12,4332
RI,2009,1,3940
RI,2009,2,3877
RI,2009,3,4800
RI,2009,4,4864
RI,2009,5,5295
RI,2009,6,4966
RI,2009,7,5228
RI,2009,8,5379
RI,2009,9,5041
RI,2009,10,5141
RI,2009,11,4563
RI,2009,12,4518
RI,2010,1,4259
RI,2010,2,3831
RI,2010,3,4832
RI,2010,4,4940
RI,2010,5,5095
RI,2010,6,4834
RI,2010,7,5261
RI,2010,8,5234
RI,2010,9,4738
RI,2010,10,5066
RI,2010,11,4510
RI,2010,12,4155
RI,2011,1,3875
RI,2011,2,3372
RI,2011,3,4660
RI,2011,4,3907
RI,2011,5,5034
RI,2011,6,5101
RI,2011,7,5470
RI,2011,8,5459
RI,2011,9,4867
RI,2011,10,4785
RI,2011,11,4514
RI,2011,12,4554
RI,2012,1,4246
RI,2012,2,3937
RI,2012,3,4663
RI,2012,4,4594
RI,2012,5,4968
RI,2012,6,4613
RI,2012,7,4936
RI,2012,8,5179
RI,2012,9,4630
RI,2012,10,4538
RI,2012,11,4173
RI,2012,12,4009
RI,2013,1,4162
RI,2013,2,3309
RI,2013,3,3920
RI,2013,4,4018
RI,2013,5,4426
RI,2013,6,4541
RI,2013,7,4953
RI,2013,8,4878
RI,2013,9,4408
RI,2013,10,4732
RI,2013,11,4079
RI,2013,12,4002
RI,2014,1,3738
RI,2014,2,2947
RI,2014,3,3789
RI,2014,4,4075
RI,2014,5,4244
RI,2014,6,4256
RI,2014,7,4596
RI,2014,8,4490
RI,2014,9,4176
RI,2014,10,4240
RI,2014,11,3845
RI,2014,12,3811
RI,2015,1,3294
RI,2015,2,2560
RI,2015,3,3577
RI,2015,4,3827
RI,2015,5,4129
RI,2015,6,3945
RI,2015,7,4458
RI,2015,8,4377
RI,2015,9,4118
RI,2015,10,3988
RI,2015,11,3725
RI,2015,12,3868
RI,2016,1,3527
RI,2016,2,2845
RI,2016,3,3672
RI,2016,4,3357
RI,2016,5,3769
RI,2016,6,4006
RI,2016,7,3998
RI,2016,8,4284
RI,2016,9,3931
RI,2016,10,3912
RI,2016,11,3389
RI,2016,12,3327
RI,2017,1,3455
RI,2017,2,2770
RI,2017,3,3226
RI,2017,4,3555
RI,2017,5,3728
RI,2017,6,3947
RI,2017,7,4121
RI,2017,8,4001
RI,2017,9,4010
RI,2017,10,4055
RI,2017,11,3715
RI,2017,12,3343
RI,2018,1,3262
RI,2018,2,3164
RI,2018,3,3289
RI,2018,4,3302
RI,2018,5,3816
RI,2018,6,3680
RI,2018,7,3849
RI,2018,8,3918
RI,2018,9,3617
RI,2018,10,3591
RI,2018,11,3151
RI,2018,12,3268
RI,2019,1,3230
RI,2019,2,2856
RI,2019,3,2971
RI,2019,4,3079
RI,2019,5,3266
RI,2019,6,3262
RI,2019,7,3555
RI,2019,8,3744
RI,2019,9,3542
RI,2019,10,3660
RI,2019,11,3217
RI,2019,12,2943
SC,2006,1,32393
SC,2006,2,27648
SC,2006,3,33723
SC,2006,4,34157
SC,2006,5,37479
SC,2006,6,35490
SC,2006,7,37533
SC,2006,8,36366
SC,2006,9,35461
SC,2006,10,34980
SC,2006,11,32357
SC,2006,12,33358
SC,2007,1,32562
SC,2007,2,29025
SC,2007,3,35966
SC,2007,4,35810
SC,2007,5,38931
SC,2007,6,36787
SC,2007,7,38706
SC,2007,8,37797
SC,2007,9,35930
SC,2007,10,36450
SC,2007,11,33658
SC,2007,12,33210
SC,2008,1,32902
SC,2008,2,29983
SC,2008,3,34793
SC,2008,4,35144
SC,2008,5,37005
SC,2008,6,36265
SC,2008,7,36971
SC,2008,8,34521
SC,2008,9,35294
SC,2008,10,35226
SC,2008,11,31622
SC,2008,12,32066
SC,2009,1,30874
SC,2009,2,27192
SC,2009,3,31779
SC,2009,4,32877
SC,2009,5,35057
SC,2009,6,32567
SC,2009,7,35919
SC,2009,8,35132
SC,2009,9,33170
SC,2009,10,33558
SC,2009,11,30140
SC,2009,12,29844
SC,2010,1,29430
SC,2010,2,25464
SC,2010,3,32004
SC,2010,4,33406
SC,2010,5,35030
SC,2010,6,34146
SC,2010,7,35380
SC,2010,8,33828
SC,2010,9,32694
SC,2010,10,33187
SC,2010,11,29638
SC,2010,12,29530
SC,2011,1,28324
SC,2011,2,25871
SC,2011,3,31246
SC,2011,4,32600
SC,2011,5,34633
SC,2011,6,33934
SC,2011,7,34924
SC,2011,8,34510
SC,2011,9,33122
SC,2011,10,32135
SC,2011,11,30933
SC,2011,12,31138
SC,2012,1,30442
SC,2012,2,26981
SC,2012,3,32006
SC,2012,4,31727
SC,2012,5,34804
SC,2012,6,33560
SC,2012,7,33466
SC,2012,8,33103
SC,2012,9,31210
SC,2012,10,31866
SC,2012,11,29082
SC,2012,12,28589
SC,2013,1,29518
SC,2013,2,24371
SC,2013,3,28641
SC,2013,4,29974
SC,2013,5,33078
SC,2013,6,31071
SC,2013,7,32464
SC,2013,8,31704
SC,2013,9,29943
SC,2013,10,30596
SC,2013,11,28461
SC,2013,12,28028
SC,2014,1,27834
SC,2014,2,24601
SC,2014,3,28637
SC,2014,4,30139
SC,2014,5,33635
SC,2014,6,31453
SC,2014,7,32708
SC,2014,8,31733
SC,2014,9,30526
SC,2014,10,30639
SC,2014,11,26947
SC,2014,12,27328
SC,2015,1,28265
SC,2015,2,23168
SC,2015,3,28993
SC,2015,4,29235
SC,2015,5,32415
SC,2015,6,30463
SC,2015,7,31747
SC,2015,8,31492
SC,2015,9,30490
SC,2015,10,29961
SC,2015,11,27718
SC,2015,12,29057
SC,2016,1,28211
SC,2016,2,25407
SC,2016,3,29386
SC,2016,4,29693
SC,2016,5,31562
SC,2016,6,30863
SC,2016,7,30848
SC,2016,8,30438
SC,2016,9,28586
SC,2016,10,28930
SC,2016,11,27397
SC,2016,12,28275
SC,2017,1,29583
SC,2017,2,25973
SC,2017,3,28465
SC,2017,4,28998
SC,2017,5,30765
SC,2017,6,29748
SC,2017,7,30433
SC,2017,8,29867
SC,2017,9,29642
SC,2017,10,28798
SC,2017,11,27574
SC,2017,12,25637
SC,2018,1,25761
SC,2018,2,25641
SC,2018,3,28777
SC,2018,4,28325
SC,2018,5,30575
SC,2018,6,29061
SC,2018,7,30533
SC,2018,8,31023
SC,2018,9,28176
SC,2018,10,29053
SC,2018,11,27093
SC,2018,12,27291
SC,2019,1,27132
SC,2019,2,24918
SC,2019,3,26736
SC,2019,4,27071
SC,2019,5,29994
SC,2019,6,28529
SC,2019,7,29563
SC,2019,8,28391
SC,2019,9,27568
SC,2019,10,27197
SC,2019,11,24531
SC,2019,12,25675
SD,2006,1,2168
SD,2006,2,1693
SD,2006,3,2018
SD,2006,4,2197
SD,2006,5,2317
SD,2006,6,2355
SD,2006,7,2495
SD,2006,8,2396
SD,2006,9,1931
SD,2006,10,2081
SD,2006,11,1830
SD,2006,12,1788
SD,2007,1,1896
SD,2007,2,1598
SD,2007,3,2083
SD,2007,4,2285
SD,2007,5,2555
SD,2007,6,2519
SD,2007,7,2609
SD,2007,8,2600
SD,2007,9,2453
SD,2007,10,2518
SD,2007,11,2134
SD,2007,12,2058
SD,2008,1,2173
SD,2008,2,1844
SD,2008,3,2171
SD,2008,4,2438
SD,2008,5,2731
SD,2008,6,2633
SD,2008,7,2880
SD,2008,8,2926
SD,2008,9,2515
SD,2008,10,2650
SD,2008,11,2295
SD,2008,12,2068
SD,2009,1,2088
SD,2009,2,2023
SD,2009,3,2422
SD,2009,4,2467
SD,2009,5,2865
SD,2009,6,2787
SD,2009,7,2994
SD,2009,8,2904
SD,2009,9,2674
SD,2009,10,2326
SD,2009,11,2609
SD,2009,12,2033
SD,2010,1,2164
SD,2010,2,1853
SD,2010,3,2595
SD,2010,4,2721
SD,2010,5,2707
SD,2010,6,2810
SD,2010,7,3050
SD,2010,8,3056
SD,2010,9,2535
SD,2010,10,2936
SD,2010,11,2426
SD,2010,12,2196
SD,2011,1,2192
SD,2011,2,1856
SD,2011,3,2260
SD,2011,4,2548
SD,2011,5,2922
SD,2011,6,2964
SD,2011,7,3294
SD,2011,8,3174
SD,2011,9,2762
SD,2011,10,2813
SD,2011,11,2500
SD,2011,12,2773
SD,2012,1,2691
SD,2012,2,2436
SD,2012,3,3001
SD,2012,4,2971
SD,2012,5,3159
SD,2012,6,3310
SD,2012,7,3521
SD,2012,8,3460
SD,2012,9,3101
SD,2012,10,2991
SD,2012,11,2683
SD,2012,12,2488
SD,2013,1,2518
SD,2013,2,2362
SD,2013,3,2798
SD,2013,4,2649
SD,2013,5,2827
SD,2013,6,3291
SD,2013,7,3287
SD,2013,8,3388
SD,2013,9,3071
SD,2013,10,2995
SD,2013,11,2792
SD,2013,12,2492
SD,2014,1,2611
SD,2014,2,2364
SD,2014,3,2836
SD,2014,4,2987
SD,2014,5,3310
SD,2014,6,3062
SD,2014,7,3377
SD,2014,8,3794
SD,2014,9,3229
SD,2014,10,3162
SD,2014,11,2728
SD,2014,12,2709
SD,2015,1,2873
SD,2015,2,2558
SD,2015,3,3338
SD,2015,4,3398
SD,2015,5,3378
SD,2015,6,3372
SD,2015,7,3758
SD,2015,8,3819
SD,2015,9,3545
SD,2015,10,3506
SD,2015,11,3110
SD,2015,12,3129
SD,2016,1,3139
SD,2016,2,2985
SD,2016,3,3509
SD,2016,4,3685
SD,2016,5,3768
SD,2016,6,3665
SD,2016,7,3955
SD,2016,8,4028
SD,2016,9,3632
SD,2016,10,3667
SD,2016,11,3152
SD,2016,12,2859
SD,2017,1,3004
SD,2017,2,2989
SD,2017,3,3466
SD,2017,4,3345
SD,2017,5,3551
SD,2017,6,3646
SD,2017,7,3807
SD,2017,8,4075
SD,2017,9,3658
SD,2017,10,3552
SD,2017,11,3396
SD,2017,12,3292
SD,2018,1,3145
SD,2018,2,2769
SD,2018,3,3300
SD,2018,4,3241
SD,2018,5,3729
SD,2018,6,3682
SD,2018,7,3898
SD,2018,8,4094
SD,2018,9,3612
SD,2018,10,3543
SD,2018,11,3269
SD,2018,12,3133
SD,2019,1,3199
SD,2019,2,2790
SD,2019,3,3227
SD,2019,4,3452
SD,2019,5,3868
SD,2019,6,3808
SD,2019,7,3810
SD,2019,8,4240
SD,2019,9,3959
SD,2019,10,3839
SD,2019,11,3450
SD,2019,12,3405
TN,2006,1,44712
TN,2006,2,37225
TN,2006,3,45210
TN,2006,4,46273
TN,2006,5,48500
TN,2006,6,48035
TN,2006,7,49954
TN,2006,8,49720
TN,2006,9,47585
TN,2006,10,47029
TN,2006,11,44082
TN,2006,12,44338
TN,2007,1,43857
TN,2007,2,37996
TN,2007,3,48309
TN,2007,4,47364
TN,2007,5,51144
TN,2007,6,49085
TN,2007,7,51173
TN,2007,8,50769
TN,2007,9,47680
TN,2007,10,47710
TN,2007,11,44554
TN,2007,12,44395
TN,2008,1,42518
TN,2008,2,39027
TN,2008,3,45583
TN,2008,4,47154
TN,2008,5,49736
TN,2008,6,48873
TN,2008,7,50481
TN,2008,8,49835
TN,2008,9,48470
TN,2008,10,46894
TN,2008,11,42587
TN,2008,12,41850
TN,2009,1,40766
TN,2009,2,37453
TN,2009,3,44118
TN,2009,4,45900
TN,2009,5,47988
TN,2009,6,46941
TN,2009,7,48748
TN,2009,8,48418
TN,2009,9,45233
TN,2009,10,45278
TN,2009,11,41783
TN,2009,12,39874
TN,2010,1,37695
TN,2010,2,34252
TN,2010,3,43360
TN,2010,4,44701
TN,2010,5,46031
TN,2010,6,46347
TN,2010,7,47199
TN,2010,8,47066
TN,2010,9,44890
TN,2010,10,44809
TN,2010,11,40843
TN,2010,12,38767
TN,2011,1,37352
TN,2011,2,34234
TN,2011,3,41685
TN,2011,4,43188
TN,2011,5,44904
TN,2011,6,44390
TN,2011,7,46520
TN,2011,8,47434
TN,2011,9,43959
TN,2011,10,42880
TN,2011,11,40712
TN,2011,12,40927
TN,2012,1,40699
TN,2012,2,36609
TN,2012,3,42736
TN,2012,4,42917
TN,2012,5,45389
TN,2012,6,44075
TN,2012,7,44155
TN,2012,8,43329
TN,2012,9,40875
TN,2012,10,40809
TN,2012,11,37679
TN,2012,12,38003
TN,2013,1,38338
TN,2013,2,32940
TN,2013,3,37051
TN,2013,4,39527
TN,2013,5,42671
TN,2013,6,41897
TN,2013,7,42325
TN,2013,8,42868
TN,2013,9,39557
TN,2013,10,40645
TN,2013,11,36062
TN,2013,12,35294
TN,2014,1,36002
TN,2014,2,31479
TN,2014,3,37419
TN,2014,4,39344
TN,2014,5,42314
TN,2014,6,40388
TN,2014,7,41699
TN,2014,8,41683
TN,2014,9,39791
TN,2014,10,39662
TN,2014,11,35052
TN,2014,12,35575
TN,2015,1,36066
TN,2015,2,27839
TN,2015,3,36575
TN,2015,4,39324
TN,2015,5,41326
TN,2015,6,39937
TN,2015,7,41659
TN,2015,8,41380
TN,2015,9,39301
TN,2015,10,39082
TN,2015,11,36789
TN,2015,12,37960
TN,2016,1,36347
TN,2016,2,33637
TN,2016,3,38972
TN,2016,4,40037
TN,2016,5,40841
TN,2016,6,39877
TN,2016,7,40524
TN,2016,8,41248
TN,2016,9,39952
TN,2016,10,40267
TN,2016,11,36520
TN,2016,12,37021
TN,2017,1,39205
TN,2017,2,35091
TN,2017,3,38558
TN,2017,4,39202
TN,2017,5,42310
TN,2017,6,41871
TN,2017,7,42938
TN,2017,8,41992
TN,2017,9,40653
TN,2017,10,40889
TN,2017,11,38211
TN,2017,12,37362
TN,2018,1,36912
TN,2018,2,34407
TN,2018,3,38889
TN,2018,4,37924
TN,2018,5,41710
TN,2018,6,40649
TN,2018,7,41957
TN,2018,8,41398
TN,2018,9,39050
TN,2018,10,38267
TN,2018,11,34072
TN,2018,12,35926
TN,2019,1,36059
TN,2019,2,31706
TN,2019,3,34815
TN,2019,4,36837
TN,2019,5,39287
TN,2019,6,38085
TN,2019,7,39698
TN,2019,8,39188
TN,2019,9,37628
TN,2019,10,36472
TN,2019,11,32864
TN,2019,12,34770
TX,2006,1,24762
TX,2006,2,21482
TX,2006,3,25153
TX,2006,4,25173
TX,2006,5,26434
TX,2006,6,25706
TX,2006,7,26317
TX,2006,8,25917
TX,2006,9,24471
TX,2006,10,25194
TX,2006,11,23496
TX,2006,12,24555
TX,2007,1,24363
TX,2007,2,22453
TX,2007,3,27088
TX,2007,4,26767
TX,2007,5,29112
TX,2007,6,27443
TX,2007,7,23973
TX,2007,8,23210
TX,2007,9,21937
TX,2007,10,22274
TX,2007,11,20071
TX,2007,12,20941
TX,2008,1,20858
TX,2008,2,18910
TX,2008,3,21450
TX,2008,4,22279
TX,2008,5,23255
TX,2008,6,22332
TX,2008,7,22533
TX,2008,8,22746
TX,2008,9,21345
TX,2008,10,22365
TX,2008,11,20580
TX,2008,12,21218
TX,2009,1,20613
TX,2009,2,18260
TX,2009,3,21351
TX,2009,4,22105
TX,2009,5,22605
TX,2009,6,22256
TX,2009,7,22747
TX,2009,8,22343
TX,2009,9,20800
TX,2009,10,21092
TX,2009,11,20063
TX,2009,12,19800
TX,2010,1,19551
TX,2010,2,16266
TX,2010,3,20147
TX,2010,4,20447
TX,2010,5,21333
TX,2010,6,20454
TX,2010,7,20989
TX,2010,8,20331
TX,2010,9,19027
TX,2010,10,19776
TX,2010,11,18567
TX,2010,12,18763
TX,2011,1,18350
TX,2011,2,14800
TX,2011,3,19103
TX,2011,4,19657
TX,2011,5,20467
TX,2011,6,19917
TX,2011,7,19734
TX,2011,8,19237
TX,2011,9,18092
TX,2011,10,17958
TX,2011,11,16767
TX,2011,12,17682
TX,2012,1,17085
TX,2012,2,15074
TX,2012,3,17402
TX,2012,4,17544
TX,2012,5,17951
TX,2012,6,17627
TX,2012,7,18119
TX,2012,8,17742
TX,2012,9,16769
TX,2012,10,17897
TX,2012,11,16442
TX,2012,12,16244
TX,2013,1,14710
TX,2013,2,14089
TX,2013,3,14900
TX,2013,4,16243
TX,2013,5,17026
TX,2013,6,16308
TX,2013,7,16522
TX,2013,8,16700
TX,2013,9,15770
TX,2013,10,16614
TX,2013,11,15358
TX,2013,12,14899
TX,2014,1,16137
TX,2014,2,13684
TX,2014,3,15348
TX,2014,4,15944
TX,2014,5,16404
TX,2014,6,16006
TX,2014,7,16875
TX,2014,8,16833
TX,2014,9,16178
TX,2014,10,16484
TX,2014,11,14919
TX,2014,12,15608
TX,2015,1,16706
TX,2015,2,13530
TX,2015,3,16163
TX,2015,4,16728
TX,2015,5,17413
TX,2015,6,16806
TX,2015,7,17427
TX,2015,8,17340
TX,2015,9,16530
TX,2015,10,17035
TX,2015,11,15528
TX,2015,12,16362
TX,2016,1,16657
TX,2016,2,15002
TX,2016,3,16561
TX,2016,4,16887
TX,2016,5,17761
TX,2016,6,17190
TX,2016,7,17640
TX,2016,8,17702
TX,2016,9,17020
TX,2016,10,17087
TX,2016,11,16297
TX,2016,12,15884
TX,2017,1,20821
TX,2017,2,18990
TX,2017,3,21152
TX,2017,4,21246
TX,2017,5,23415
TX,2017,6,22743
TX,2017,7,23315
TX,2017,8,22854
TX,2017,9,22618
TX,2017,10,23685
TX,2017,11,24599
TX,2017,12,24147
TX,2018,1,27098
TX,2018,2,25509
TX,2018,3,37730
TX,2018,4,38148
TX,2018,5,40730
TX,2018,6,57713
TX,2018,7,57886
TX,2018,8,59682
TX,2018,9,56819
TX,2018,10,56735
TX,2018,11,54754
TX,2018,12,57107
TX,2019,1,66526
TX,2019,2,61064
TX,2019,3,68888
TX,2019,4,69845
TX,2019,5,78243
TX,2019,6,73812
TX,2019,7,78572
TX,2019,8,81070
TX,2019,9,81329
TX,2019,10,83020
TX,2019,11,78404
TX,2019,12,80450
UT,2006,1,12149
UT,2006,2,11116
UT,2006,3,12614
UT,2006,4,12741
UT,2006,5,12929
UT,2006,6,11687
UT,2006,7,12179
UT,2006,8,11265
UT,2006,9,11281
UT,2006,10,11657
UT,2006,11,11406
UT,2006,12,11179
UT,2007,1,11746
UT,2007,2,11086
UT,2007,3,13378
UT,2007,4,13085
UT,2007,5,13692
UT,2007,6,13346
UT,2007,7,14025
UT,2007,8,14279
UT,2007,9,13381
UT,2007,10,13975
UT,2007,11,13301
UT,2007,12,11967
UT,2008,1,12686
UT,2008,2,11671
UT,2008,3,13053
UT,2008,4,12956
UT,2008,5,13270
UT,2008,6,13049
UT,2008,7,13415
UT,2008,8,13481
UT,2008,9,12966
UT,2008,10,14021
UT,2008,11,13025
UT,2008,12,11720
UT,2009,1,12554
UT,2009,2,11201
UT,2009,3,12562
UT,2009,4,12284
UT,2009,5,12967
UT,2009,6,12730
UT,2009,7,13726
UT,2009,8,13772
UT,2009,9,12982
UT,2009,10,12889
UT,2009,11,11658
UT,2009,12,11115
UT,2010,1,11855
UT,2010,2,10788
UT,2010,3,12572
UT,2010,4,12236
UT,2010,5,12576
UT,2010,6,12785
UT,2010,7,13200
UT,2010,8,12773
UT,2010,9,12202
UT,2010,10,12662
UT,2010,11,10846
UT,2010,12,10988
UT,2011,1,10849
UT,2011,2,9698
UT,2011,3,11734
UT,2011,4,10861
UT,2011,5,11841
UT,2011,6,11727
UT,2011,7,12727
UT,2011,8,13163
UT,2011,9,12296
UT,2011,10,12702
UT,2011,11,11356
UT,2011,12,10912
UT,2012,1,11378
UT,2012,2,10918
UT,2012,3,11877
UT,2012,4,12130
UT,2012,5,13427
UT,2012,6,12678
UT,2012,7,14324
UT,2012,8,14241
UT,2012,9,12841
UT,2012,10,12998
UT,2012,11,12224
UT,2012,12,11180
UT,2013,1,10894
UT,2013,2,10890
UT,2013,3,12554
UT,2013,4,12611
UT,2013,5,13919
UT,2013,6,14032
UT,2013,7,14234
UT,2013,8,14223
UT,2013,9,12867
UT,2013,10,12817
UT,2013,11,11382
UT,2013,12,10588
UT,2014,1,10895
UT,2014,2,10515
UT,2014,3,11117
UT,2014,4,10379
UT,2014,5,12648
UT,2014,6,12352
UT,2014,7,13384
UT,2014,8,13865
UT,2014,9,13026
UT,2014,10,12850
UT,2014,11,11762
UT,2014,12,11927
UT,2015,1,12555
UT,2015,2,11562
UT,2015,3,12756
UT,2015,4,12231
UT,2015,5,13007
UT,2015,6,13147
UT,2015,7,13867
UT,2015,8,14013
UT,2015,9,13589
UT,2015,10,13512
UT,2015,11,12641
UT,2015,12,12148
UT,2016,1,11929
UT,2016,2,11696
UT,2016,3,12412
UT,2016,4,12989
UT,2016,5,13626
UT,2016,6,13492
UT,2016,7,13219
UT,2016,8,12890
UT,2016,9,12979
UT,2016,10,13742
UT,2016,11,12508
UT,2016,12,12783
UT,2017,1,12262
UT,2017,2,11896
UT,2017,3,13025
UT,2017,4,12431
UT,2017,5,13014
UT,2017,6,12765
UT,2017,7,13425
UT,2017,8,13899
UT,2017,9,13228
UT,2017,10,13345
UT,2017,11,12368
UT,2017,12,12052
UT,2018,1,12768
UT,2018,2,10498
UT,2018,3,11802
UT,2018,4,11476
UT,2018,5,12302
UT,2018,6,12082
UT,2018,7,12667
UT,2018,8,12041
UT,2018,9,11202
UT,2018,10,12343
UT,2018,11,11516
UT,2018,12,11096
UT,2019,1,10660
UT,2019,2,9762
UT,2019,3,11396
UT,2019,4,11393
UT,2019,5,12220
UT,2019,6,11822
UT,2019,7,12216
UT,2019,8,11791
UT,2019,9,11704
UT,2019,10,12078
UT,2019,11,11337
UT,2019,12,11382
VA,2006,1,37665
VA,2006,2,32437
VA,2006,3,37894
VA,2006,4,36824
VA,2006,5,40075
VA,2006,6,39659
VA,2006,7,40248
VA,2006,8,40151
VA,2006,9,38138
VA,2006,10,38517
VA,2006,11,35738
VA,2006,12,36144
VA,2007,1,36207
VA,2007,2,30737
VA,2007,3,37606
VA,2007,4,37495
VA,2007,5,40896
VA,2007,6,40738
VA,2007,7,41350
VA,2007,8,40911
VA,2007,9,38611
VA,2007,10,39686
VA,2007,11,36956
VA,2007,12,36572
VA,2009,1,34901
VA,2009,2,31604
VA,2009,3,36982
VA,2009,4,37569
VA,2009,5,38471
VA,2009,6,38806
VA,2009,7,40550
VA,2009,8,40764
VA,2009,9,37676
VA,2009,10,38186
VA,2009,11,35191
VA,2009,12,33116
VA,2010,1,33169
VA,2010,2,27231
VA,2010,3,36735
VA,2010,4,37683
VA,2010,5,38690
VA,2010,6,38271
VA,2010,7,39690
VA,2010,8,39163
VA,2010,9,36717
VA,2010,10,38283
VA,2010,11,35376
VA,2010,12,32174
VA,2011,1,33316
VA,2011,2,29768
VA,2011,3,34175
VA,2011,4,36105
VA,2011,5,38114
VA,2011,6,37852
VA,2011,7,38452
VA,2011,8,38811
VA,2011,9,35580
VA,2011,10,35949
VA,2011,11,34429
VA,2011,12,35188
VA,2012,1,34061
VA,2012,2,31153
VA,2012,3,35417
VA,2012,4,34602
VA,2012,5,37677
VA,2012,6,36662
VA,2012,7,37446
VA,2012,8,38057
VA,2012,9,35310
VA,2012,10,34924
VA,2012,11,33722
VA,2012,12,33634
VA,2013,1,34317
VA,2013,2,29184
VA,2013,3,32807
VA,2013,4,34135
VA,2013,5,36532
VA,2013,6,35293
VA,2013,7,37189
VA,2013,8,36726
VA,2013,9,34793
VA,2013,10,34934
VA,2013,11,32096
VA,2013,12,32003
VA,2014,1,30992
VA,2014,2,27746
VA,2014,3,30589
VA,2014,4,33863
VA,2014,5,36296
VA,2014,6,34492
VA,2014,7,35604
VA,2014,8,35635
VA,2014,9,33743
VA,2014,10,34721
VA,2014,11,30637
VA,2014,12,32204
VA,2015,1,31470
VA,2015,2,25253
VA,2015,3,31374
VA,2015,4,33268
VA,2015,5,34846
VA,2015,6,34132
VA,2015,7,35738
VA,2015,8,35219
VA,2015,9,33064
VA,2015,10,34124
VA,2015,11,31835
VA,2015,12,33233
VA,2016,1,29882
VA,2016,2,28751
VA,2016,3,33445
VA,2016,4,33683
VA,2016,5,34893
VA,2016,6,33092
VA,2016,7,34795
VA,2016,8,35600
VA,2016,9,33424
VA,2016,10,34757
VA,2016,11,31900
VA,2016,12,33249
VA,2017,1,32290
VA,2017,2,29994
VA,2017,3,32077
VA,2017,4,32089
VA,2017,5,33152
VA,2017,6,34411
VA,2017,7,34614
VA,2017,8,35523
VA,2017,9,33754
VA,2017,10,34393
VA,2017,11,30713
VA,2017,12,31849
VA,2018,1,30090
VA,2018,2,29517
VA,2018,3,31014
VA,2018,4,31229
VA,2018,5,33500
VA,2018,6,32391
VA,2018,7,33862
VA,2018,8,33732
VA,2018,9,31057
VA,2018,10,33055
VA,2018,11,29760
VA,2018,12,30361
VA,2019,1,30411
VA,2019,2,27310
VA,2019,3,30013
VA,2019,4,30929
VA,2019,5,33348
VA,2019,6,32118
VA,2019,7,32627
VA,2019,8,32976
VA,2019,9,32381
VA,2019,10,32577
VA,2019,11,29507
VA,2019,12,31498
VT,2006,1,2354
VT,2006,2,2084
VT,2006,3,2273
VT,2006,4,2277
VT,2006,5,2417
VT,2006,6,2563
VT,2006,7,2911
VT,2006,8,2843
VT,2006,9,2556
VT,2006,10,2610
VT,2006,11,2582
VT,2006,12,2066
VT,2007,1,2047
VT,2007,2,1599
VT,2007,3,2150
VT,2007,4,2157
VT,2007,5,2371
VT,2007,6,2586
VT,2007,7,2822
VT,2007,8,2831
VT,2007,9,2559
VT,2007,10,2664
VT,2007,11,2317
VT,2007,12,1901
VT,2008,1,2037
VT,2008,2,1675
VT,2008,3,2040
VT,2008,4,2311
VT,2008,5,2164
VT,2008,6,2425
VT,2008,7,3156
VT,2008,8,3022
VT,2008,9,2906
VT,2008,10,2678
VT,2008,11,2354
VT,2008,12,1901
VT,2009,1,1916
VT,2009,2,1862
VT,2009,3,2193
VT,2009,4,2427
VT,2009,5,2565
VT,2009,6,2466
VT,2009,7,2559
VT,2009,8,2630
VT,2009,9,2627
VT,2009,10,2521
VT,2009,11,2351
VT,2009,12,1961
VT,2010,1,2061
VT,2010,2,1926
VT,2010,3,2152
VT,2010,4,2242
VT,2010,5,2448
VT,2010,6,2249
VT,2010,7,2303
VT,2010,8,1892
VT,2010,9,1886
VT,2010,10,2352
VT,2010,11,2097
VT,2010,12,1876
VT,2011,1,1879
VT,2011,2,1505
VT,2011,3,1920
VT,2011,4,2187
VT,2011,5,2094
VT,2011,6,2506
VT,2011,7,2753
VT,2011,8,2815
VT,2011,9,2459
VT,2011,10,2475
VT,2011,11,2153
VT,2011,12,2062
VT,2012,1,2115
VT,2012,2,2003
VT,2012,3,2341
VT,2012,4,2364
VT,2012,5,2489
VT,2012,6,2552
VT,2012,7,2541
VT,2012,8,2730
VT,2012,9,2398
VT,2012,10,2427
VT,2012,11,2164
VT,2012,12,2024
VT,2013,1,2149
VT,2013,2,1807
VT,2013,3,2061
VT,2013,4,2023
VT,2013,5,1997
VT,2013,6,1971
VT,2013,7,2395
VT,2013,8,2312
VT,2013,9,2073
VT,2013,10,2137
VT,2013,11,1730
VT,2013,12,1555
VT,2014,1,1518
VT,2014,2,1366
VT,2014,3,1405
VT,2014,4,1449
VT,2014,5,1355
VT,2014,6,1364
VT,2014,7,1709
VT,2014,8,1804
VT,2014,9,1622
VT,2014,10,1588
VT,2014,11,1248
VT,2014,12,851
VT,2015,1,661
VT,2015,2,533
VT,2015,3,706
VT,2015,4,726
VT,2015,5,809
VT,2015,6,852
VT,2015,7,910
VT,2015,8,1133
VT,2015,9,1132
VT,2015,10,1221
VT,2015,11,1452
VT,2015,12,1584
VT,2016,1,1409
VT,2016,2,1292
VT,2016,3,1496
VT,2016,4,1553
VT,2016,5,1538
VT,2016,6,1559
VT,2016,7,1911
VT,2016,8,1913
VT,2016,9,1628
VT,2016,10,1628
VT,2016,11,1151
VT,2016,12,586
VT,2017,1,1220
VT,2017,2,1234
VT,2017,3,1345
VT,2017,4,1580
VT,2017,5,1772
VT,2017,6,1608
VT,2017,7,1786
VT,2017,8,1792
VT,2017,9,1799
VT,2017,10,1791
VT,2017,11,1464
VT,2017,12,1392
VT,2018,1,1280
VT,2018,2,1233
VT,2018,3,1374
VT,2018,4,1239
VT,2018,5,1361
VT,2018,6,1541
VT,2018,7,1577
VT,2018,8,1693
VT,2018,9,1718
VT,2018,10,1634
VT,2018,11,1404
VT,2018,12,1406
VT,2019,1,1327
VT,2019,2,1208
VT,2019,3,1411
VT,2019,4,1503
VT,2019,5,1680
VT,2019,6,1636
VT,2019,7,1970
VT,2019,8,1840
VT,2019,9,1770
VT,2019,10,1670
VT,2019,11,1342
VT,2019,12,1294
WA,2006,1,222
WA,2006,2,217
WA,2006,3,212
WA,2006,4,255
WA,2006,5,228
WA,2006,6,189
WA,2006,7,266
WA,2006,8,286
WA,2006,9,227
WA,2006,10,153
WA,2006,11,226
WA,2006,12,235
WA,2007,1,5711
WA,2007,2,5327
WA,2007,3,5993
WA,2007,4,5887
WA,2007,5,6176
WA,2007,6,5854
WA,2007,7,6137
WA,2007,8,6126
WA,2007,9,5622
WA,2007,10,5782
WA,2007,11,5455
WA,2007,12,5506
WA,2008,1,5732
WA,2008,2,5409
WA,2008,3,5923
WA,2008,4,5901
WA,2008,5,6320
WA,2008,6,6045
WA,2008,7,6607
WA,2008,8,6832
WA,2008,9,6222
WA,2008,10,6404
WA,2008,11,6171
WA,2008,12,5224
WA,2009,1,6034
WA,2009,2,5430
WA,2009,3,5947
WA,2009,4,6018
WA,2009,5,5779
WA,2009,6,6008
WA,2009,7,6347
WA,2009,8,6302
WA,2009,9,5934
WA,2009,10,6301
WA,2009,11,6100
WA,2009,12,6155
WA,2010,1,7288
WA,2010,2,5886
WA,2010,3,6535
WA,2010,4,6447
WA,2010,5,7447
WA,2010,6,7508
WA,2010,7,7916
WA,2010,8,7493
WA,2010,9,7260
WA,2010,10,7739
WA,2010,11,6568
WA,2010,12,6960
WA,2011,1,10079
WA,2011,2,8473
WA,2011,3,10095
WA,2011,4,11163
WA,2011,5,11684
WA,2011,6,12434
WA,2011,7,13436
WA,2011,8,14218
WA,2011,9,14384
WA,2011,10,14921
WA,2011,11,14092
WA,2011,12,14629
WA,2012,1,21121
WA,2012,2,20667
WA,2012,3,23179
WA,2012,4,23230
WA,2012,5,24774
WA,2012,6,24530
WA,2012,7,25483
WA,2012,8,25600
WA,2012,9,24319
WA,2012,10,25027
WA,2012,11,24212
WA,2012,12,23393
WA,2013,1,25323
WA,2013,2,21768
WA,2013,3,24145
WA,2013,4,23639
WA,2013,5,25875
WA,2013,6,25019
WA,2013,7,26499
WA,2013,8,26617
WA,2013,9,25936
WA,2013,10,26873
WA,2013,11,25827
WA,2013,12,25643
WA,2014,1,27005
WA,2014,2,22482
WA,2014,3,28491
WA,2014,4,26845
WA,2014,5,27435
WA,2014,6,27200
WA,2014,7,27630
WA,2014,8,27063
WA,2014,9,26688
WA,2014,10,27028
WA,2014,11,24481
WA,2014,12,25908
WA,2015,1,26754
WA,2015,2,23412
WA,2015,3,26311
WA,2015,4,25774
WA,2015,5,27228
WA,2015,6,26936
WA,2015,7,28107
WA,2015,8,27549
WA,2015,9,26960
WA,2015,10,27828
WA,2015,11,28547
WA,2015,12,29938
WA,2016,1,30769
WA,2016,2,28216
WA,2016,3,29914
WA,2016,4,29630
WA,2016,5,30921
WA,2016,6,29493
WA,2016,7,30451
WA,2016,8,31407
WA,2016,9,30824
WA,2016,10,34596
WA,2016,11,34120
WA,2016,12,31876
WA,2017,1,31694
WA,2017,2,27308
WA,2017,3,32687
WA,2017,4,32075
WA,2017,5,34336
WA,2017,6,33329
WA,2017,7,33297
WA,2017,8,33119
WA,2017,9,30888
WA,2017,10,32880
WA,2017,11,31073
WA,2017,12,30714
WA,2018,1,32590
WA,2018,2,27852
WA,2018,3,30482
WA,2018,4,29973
WA,2018,5,33021
WA,2018,6,30963
WA,2018,7,32019
WA,2018,8,33215
WA,2018,9,31923
WA,2018,10,33105
WA,2018,11,31161
WA,2018,12,31382
WA,2019,1,32507
WA,2019,2,24813
WA,2019,3,29141
WA,2019,4,29316
WA,2019,5,31480
WA,2019,6,30123
WA,2019,7,31683
WA,2019,8,31518
WA,2019,9,29841
WA,2019,10,30470
WA,2019,11,28793
WA,2019,12,29224
WV,2006,1,8335
WV,2006,2,6884
WV,2006,3,7885
WV,2006,4,8115
WV,2006,5,8564
WV,2006,6,8935
WV,2006,7,9202
WV,2006,8,9101
WV,2006,9,8570
WV,2006,10,8096
WV,2006,11,7616
WV,2006,12,7865
WV,2007,1,7395
WV,2007,2,5901
WV,2007,3,7987
WV,2007,4,8143
WV,2007,5,8830
WV,2007,6,8718
WV,2007,7,8748
WV,2007,8,8684
WV,2007,9,8152
WV,2007,10,8200
WV,2007,11,7073
WV,2007,12,6854
WV,2008,1,7303
WV,2008,2,6838
WV,2008,3,8325
WV,2008,4,8246
WV,2008,5,8167
WV,2008,6,7865
WV,2008,7,8384
WV,2008,8,8392
WV,2008,9,7965
WV,2008,10,8219
WV,2008,11,6858
WV,2008,12,7187
WV,2009,1,6528
WV,2009,2,6286
WV,2009,3,7735
WV,2009,4,7900
WV,2009,5,8074
WV,2009,6,8103
WV,2009,7,8379
WV,2009,8,8556
WV,2009,9,7836
WV,2009,10,8031
WV,2009,11,7406
WV,2009,12,6732
WV,2010,1,6138
WV,2010,2,5106
WV,2010,3,6536
WV,2010,4,5925
WV,2010,5,4731
WV,2010,6,7864
WV,2010,7,7959
WV,2010,8,7426
WV,2010,9,6960
WV,2010,10,7141
WV,2010,11,5843
WV,2010,12,4689
WV,2011,1,4420
WV,2011,2,2561
WV,2011,3,5169
WV,2011,4,6229
WV,2011,5,4871
WV,2011,6,5700
WV,2011,7,7480
WV,2011,8,7622
WV,2011,9,7432
WV,2011,10,7379
WV,2011,11,7027
WV,2011,12,7107
WV,2012,1,6569
WV,2012,2,6193
WV,2012,3,7391
WV,2012,4,7240
WV,2012,5,7913
WV,2012,6,7319
WV,2012,7,7966
WV,2012,8,7551
WV,2012,9,6936
WV,2012,10,6929
WV,2012,11,6314
WV,2012,12,5933
WV,2013,1,6028
WV,2013,2,3866
WV,2013,3,3080
WV,2013,4,3734
WV,2013,5,7332
WV,2013,6,6880
WV,2013,7,6519
WV,2013,8,6437
WV,2013,9,6399
WV,2013,10,6204
WV,2013,11,5593
WV,2013,12,5557
WV,2014,1,5270
WV,2014,2,4866
WV,2014,3,5820
WV,2014,4,5476
WV,2014,5,6007
WV,2014,6,5673
WV,2014,7,5085
WV,2014,8,4264
WV,2014,9,5093
WV,2014,10,5757
WV,2014,11,4962
WV,2014,12,4998
WV,2015,1,5222
WV,2015,2,3709
WV,2015,3,4973
WV,2015,4,5399
WV,2015,5,5956
WV,2015,6,6043
WV,2015,7,6078
WV,2015,8,5956
WV,2015,9,5562
WV,2015,10,5817
WV,2015,11,5170
WV,2015,12,6013
WV,2016,1,5071
WV,2016,2,4720
WV,2016,3,6268
WV,2016,4,6177
WV,2016,5,6408
WV,2016,6,6361
WV,2016,7,6339
WV,2016,8,6460
WV,2016,9,5784
WV,2016,10,5415
WV,2016,11,5468
WV,2016,12,5250
WV,2017,1,5845
WV,2017,2,5081
WV,2017,3,5428
WV,2017,4,5637
WV,2017,5,6040
WV,2017,6,5746
WV,2017,7,5813
WV,2017,8,5991
WV,2017,9,5799
WV,2017,10,5615
WV,2017,11,5157
WV,2017,12,4850
WV,2018,1,4813
WV,2018,2,4535
WV,2018,3,4785
WV,2018,4,4773
WV,2018,5,5023
WV,2018,6,4315
WV,2018,7,3748
WV,2018,8,4854
WV,2018,9,4709
WV,2018,10,3989
WV,2018,11,4099
WV,2018,12,4614
WV,2019,1,4242
WV,2019,2,4136
WV,2019,3,4218
WV,2019,4,4257
WV,2019,5,4343
WV,2019,6,4080
WV,2019,7,4442
WV,2019,8,4133
WV,2019,9,3658
WV,2019,10,2678
WV,2019,11,2726
WV,2019,12,3537
